lat,lon,type,name
55.876553,-3.337358,bus,
55.879769,-3.339067,bus,
55.883204,-3.338866,bus,
55.884161,-3.337556,bus,
55.88593,-3.340175,bus,
55.888366,-3.3385,bus,
55.890287,-3.3295,bus,
55.892047,-3.322924,bus,
55.893188,-3.319637,bus,
55.894496,-3.314964,bus,
55.895439,-3.312485,bus,
55.896428,-3.309,bus,
55.89776,-3.313859,bus,
55.899743,-3.315861,bus,
55.901014,-3.318879,bus,
55.907688,-3.320753,bus,
55.898734,-3.313556,bus,
55.90116,-3.310167,bus,
55.903727,-3.311309,bus,
55.910049,-3.317634,bus,
55.909018,-3.319902,bus,
55.910284,-3.317498,bus,
55.912212,-3.324507,bus,
55.912834,-3.32856,bus,
55.914739,-3.324353,bus,
55.91733,-3.314009,bus,
55.908273,-3.368365,bus,
55.912056,-3.355347,bus,
55.917579,-3.320065,bus,
55.917952,-3.31467,bus,
55.921536,-3.296084,bus,
55.923208,-3.291755,bus,
55.926845,-3.293668,bus,
55.927042,-3.294587,bus,
55.928017,-3.292507,bus,
55.927261,-3.307046,bus,
55.928041,-3.299614,bus,
55.929461,-3.286697,bus,
55.932934,-3.306725,bus,
55.931285,-3.305549,bus,
55.929824,-3.302587,bus,
55.927653,-3.30818,bus,
55.930126,-3.299588,bus,
55.930745,-3.296215,bus,
55.93804,-3.314998,bus,
55.938248,-3.314861,bus,
55.938296,-3.31459,bus,
55.938138,-3.314233,bus,
55.937866,-3.31448,bus,
55.937811,-3.314606,bus,
55.93795,-3.318357,bus,
55.934285,-3.303969,bus,
55.934706,-3.315925,bus,
55.933187,-3.313441,bus,
55.933194,-3.309375,bus,
55.933562,-3.300087,bus,
55.933102,-3.297639,bus,
55.931196,-3.292613,bus,
55.929867,-3.291704,bus,
55.919158,-3.288948,bus,
55.908424,-3.284289,bus,
55.909281,-3.289148,bus,
55.910901,-3.291458,bus,
55.914493,-3.286505,bus,
55.912796,-3.284673,bus,
55.911319,-3.280689,bus,
55.917642,-3.280929,bus,
55.916445,-3.278554,bus,
55.914095,-3.276412,bus,
55.911966,-3.277222,bus,
55.909959,-3.274053,bus,
55.910636,-3.271195,bus,
55.913074,-3.270843,bus,
55.913106,-3.275596,bus,
55.910963,-3.279493,bus,
55.911739,-3.281742,bus,
55.912841,-3.284659,bus,
55.917505,-3.276876,bus,
55.918365,-3.273608,bus,
55.920049,-3.272432,bus,
55.921512,-3.271711,bus,
55.920125,-3.27637,bus,
55.919959,-3.28195,bus,
55.923277,-3.271321,bus,
55.924639,-3.267365,bus,
55.896815,-3.306406,bus,
55.897762,-3.30268,bus,
55.899337,-3.298222,bus,
55.900343,-3.294833,bus,
55.901902,-3.289303,bus,
55.90254,-3.287549,bus,
55.903344,-3.285416,bus,
55.905012,-3.281456,bus,
55.906353,-3.277758,bus,
55.907176,-3.275545,bus,
55.908843,-3.272512,bus,
55.908325,-3.271344,bus,
55.90996,-3.268773,bus,
55.912493,-3.264489,bus,
55.913636,-3.262542,bus,
55.917468,-3.264715,bus,
55.914516,-3.262634,bus,
55.919413,-3.265258,bus,
55.921659,-3.263555,bus,
55.923106,-3.261778,bus,
55.924788,-3.2598,bus,
55.915331,-3.261077,bus,
55.91714,-3.25992,bus,
55.918771,-3.25866,bus,
55.921088,-3.254287,bus,
55.922714,-3.290074,bus,
55.923356,-3.285359,bus,
55.941968,-3.292844,bus,
55.940921,-3.292377,bus,
55.937604,-3.29169,bus,
55.935603,-3.289718,bus,
55.932556,-3.287152,bus,
55.928434,-3.284422,bus,
55.924928,-3.28197,bus,
55.94014,-3.290621,bus,
55.940056,-3.288313,bus,
55.94026,-3.281708,bus,
55.937888,-3.27998,bus,
55.935153,-3.277729,bus,
55.933293,-3.275091,bus,
55.930277,-3.284291,bus,
55.931086,-3.280813,bus,
55.931383,-3.276405,bus,
55.924343,-3.27947,bus,
55.925123,-3.276167,bus,
55.925701,-3.268888,bus,
55.92521,-3.263382,bus,
55.92548,-3.258974,bus,
55.923905,-3.252089,bus,
55.932208,-3.273102,bus,
55.93368,-3.265435,bus,
55.933588,-3.262983,bus,
55.926869,-3.268894,bus,
55.928603,-3.265413,bus,
55.932978,-3.259377,bus,
55.934678,-3.255719,bus,
55.93597,-3.252415,bus,
55.929709,-3.261032,bus,
55.929852,-3.257595,bus,
55.931901,-3.250507,bus,
55.932832,-3.247287,bus,
55.936501,-3.247837,bus,
55.934417,-3.246058,bus,
55.935895,-3.245641,bus,
55.937392,-3.243287,bus,
55.940433,-3.239334,bus,
55.939175,-3.241103,bus,
55.937058,-3.239851,bus,
55.934262,-3.244452,bus,
55.936478,-3.240329,bus,
55.937248,-3.235278,bus,
55.938336,-3.23075,bus,
55.938898,-3.228399,bus,
55.935593,-3.235402,bus,
55.934761,-3.234223,bus,
55.907506,-3.270565,bus,
55.907187,-3.266635,bus,
55.907323,-3.25781,bus,
55.901274,-3.268394,bus,
55.903138,-3.268007,bus,
55.903564,-3.26511,bus,
55.904147,-3.262585,bus,
55.904063,-3.261095,bus,
55.906823,-3.257474,bus,
55.90826,-3.253153,bus,
55.91018,-3.249871,bus,
55.911843,-3.247141,bus,
55.913878,-3.243207,bus,
55.914933,-3.241064,bus,
55.906613,-3.246301,bus,
55.905555,-3.241581,bus,
55.904744,-3.237364,bus,
55.904041,-3.231343,bus,
55.904052,-3.22477,bus,
55.904455,-3.223135,bus,
55.905511,-3.224528,bus,
55.907017,-3.226639,bus,
55.908578,-3.229551,bus,
55.909584,-3.233231,bus,
55.910262,-3.23554,bus,
55.911853,-3.238102,bus,
55.913451,-3.239129,bus,
55.915924,-3.240792,bus,
55.917252,-3.241875,bus,
55.91892,-3.24132,bus,
55.920791,-3.241924,bus,
55.922058,-3.243741,bus,
55.92316,-3.248481,bus,
55.924611,-3.246287,bus,
55.930487,-3.251646,bus,
55.929219,-3.249092,bus,
55.927372,-3.246936,bus,
55.927165,-3.243392,bus,
55.928379,-3.241558,bus,
55.92997,-3.23972,bus,
55.932426,-3.236758,bus,
55.921062,-3.23918,bus,
55.923965,-3.23636,bus,
55.925523,-3.234233,bus,
55.927423,-3.231189,bus,
55.929528,-3.227302,bus,
55.932997,-3.229028,bus,
55.930585,-3.224966,bus,
55.929278,-3.226254,bus,
55.930109,-3.223095,bus,
55.931016,-3.219586,bus,
55.931753,-3.216776,bus,
55.933738,-3.211428,bus,
55.927264,-3.223709,bus,
55.922671,-3.223789,bus,
55.92565,-3.224267,bus,
55.924609,-3.222329,bus,
55.924719,-3.219324,bus,
55.925021,-3.216085,bus,
55.925622,-3.211638,bus,
55.935433,-3.230802,bus,
55.936563,-3.228261,bus,
55.938045,-3.226531,bus,
55.93786,-3.225292,bus,
55.939156,-3.225061,bus,
55.93977,-3.225689,bus,
55.941529,-3.223183,bus,
55.943511,-3.219915,bus,
55.94555,-3.217321,bus,
55.961084,-3.403387,bus,
55.957729,-3.402898,bus,
55.959809,-3.408003,bus,
55.959584,-3.412768,bus,
55.956587,-3.412371,bus,
55.956532,-3.405417,bus,
55.956245,-3.403004,bus,
55.957851,-3.403206,bus,
55.955063,-3.401071,bus,
55.954092,-3.401853,bus,
55.952769,-3.404416,bus,
55.946253,-3.412363,bus,
55.94005,-3.407974,bus,
55.9389,-3.407884,bus,
55.937691,-3.404382,bus,
55.937741,-3.407906,bus,
55.940377,-3.406849,bus,
55.939121,-3.397998,bus,
55.937685,-3.391527,bus,
55.938943,-3.390675,bus,
55.938376,-3.373957,bus,
55.937777,-3.366443,bus,
55.937237,-3.360004,bus,
55.943035,-3.360624,bus,
55.943014,-3.369814,bus,
55.938883,-3.355803,bus,
55.936936,-3.350645,bus,
55.938285,-3.329847,bus,
55.939152,-3.326146,bus,
55.922965,-3.378052,bus,
55.920701,-3.389206,bus,
55.920803,-3.384937,bus,
55.921488,-3.381568,bus,
55.921204,-3.379622,bus,
55.928777,-3.386197,bus,
55.933841,-3.390556,bus,
55.952179,-3.303546,bus,
55.952138,-3.304089,bus,
55.951891,-3.307028,bus,
55.950371,-3.307985,bus,
55.949311,-3.312241,bus,
55.947008,-3.314133,bus,
55.94192,-3.312632,bus,
55.940861,-3.311667,bus,
55.941245,-3.30598,bus,
55.941703,-3.300952,bus,
55.942327,-3.296282,bus,
55.949938,-3.279049,bus,
55.953673,-3.278499,bus,
55.93706,-3.39192,bus,
55.956119,-3.281735,bus,
55.955515,-3.287145,bus,
55.954512,-3.29371,bus,
55.953796,-3.296842,bus,
55.952583,-3.296817,bus,
55.949696,-3.295391,bus,
55.948713,-3.294846,bus,
55.94529,-3.293931,bus,
55.942922,-3.291803,bus,
55.943206,-3.287025,bus,
55.942944,-3.28367,bus,
55.942523,-3.279285,bus,
55.941891,-3.27342,bus,
55.942341,-3.267318,bus,
55.94238,-3.266968,bus,
55.942542,-3.265276,bus,
55.944006,-3.257382,bus,
55.944483,-3.254707,bus,
55.937643,-3.249523,bus,
55.93882,-3.251322,bus,
55.939456,-3.251519,bus,
55.941871,-3.251789,bus,
55.943238,-3.251673,bus,
55.944996,-3.250192,bus,
55.945368,-3.24452,bus,
55.945958,-3.235908,bus,
55.945804,-3.22881,bus,
55.946034,-3.222828,bus,
55.945972,-3.218247,bus,
55.946757,-3.216094,bus,
55.946922,-3.215714,bus,
55.949358,-3.210186,bus,
55.949579,-3.20968,bus,
55.949863,-3.209049,bus,
55.947067,-3.212933,bus,
55.946698,-3.211112,bus,
55.945745,-3.208472,bus,
55.939895,-3.221226,bus,
55.94077,-3.217219,bus,
55.941508,-3.218955,bus,
55.942365,-3.213122,bus,
55.943854,-3.214305,bus,
55.943001,-3.21058,bus,
55.943602,-3.207925,bus,
55.945257,-3.206872,bus,
55.945904,-3.204074,bus,
55.946418,-3.200246,bus,
55.947456,-3.196035,bus,
55.947704,-3.19276,bus,
55.982337,-3.381718,bus,
55.982444,-3.381802,bus,
55.982649,-3.385159,bus,
55.982428,-3.387251,bus,
55.981981,-3.390986,bus,
55.982564,-3.394276,bus,
55.984052,-3.409637,bus,
55.984634,-3.412928,bus,
55.986716,-3.4194,bus,
55.988552,-3.414482,bus,
55.989613,-3.409743,bus,
55.989983,-3.405637,bus,
55.977769,-3.397181,bus,
55.984687,-3.396468,bus,
55.986785,-3.396913,bus,
55.989149,-3.397559,bus,
55.990955,-3.399211,bus,
55.987174,-3.395821,bus,
55.98756,-3.390352,bus,
55.987334,-3.387283,bus,
55.986895,-3.382314,bus,
55.986435,-3.376094,bus,
55.982458,-3.373308,bus,
55.984399,-3.361179,bus,
55.980304,-3.347877,bus,
55.971723,-3.327998,bus,
55.967997,-3.322647,bus,
55.965611,-3.318112,bus,
55.962218,-3.313543,bus,
55.961124,-3.309101,bus,
55.952977,-3.311356,bus,
55.958416,-3.307728,bus,
55.958061,-3.308181,bus,
55.960808,-3.305021,bus,
55.960382,-3.299401,bus,
55.9607,-3.294814,bus,
55.961244,-3.290074,bus,
55.961993,-3.28374,bus,
55.95887,-3.279872,bus,
55.96152,-3.282571,bus,
55.962731,-3.275851,bus,
55.962449,-3.270058,bus,
55.962124,-3.266764,bus,
55.963964,-3.273889,bus,
55.961638,-3.306363,bus,
55.963291,-3.307316,bus,
55.966727,-3.307816,bus,
55.972264,-3.296546,bus,
55.969901,-3.307571,bus,
55.971831,-3.306114,bus,
55.97338,-3.304051,bus,
55.97532,-3.29902,bus,
55.974093,-3.296944,bus,
55.970331,-3.28118,bus,
55.968243,-3.278099,bus,
55.966337,-3.275537,bus,
55.965515,-3.272546,bus,
55.965618,-3.269505,bus,
55.971362,-3.271921,bus,
55.96918,-3.270038,bus,
55.967826,-3.268873,bus,
55.966546,-3.266668,bus,
55.966222,-3.264895,bus,
55.965991,-3.260241,bus,
55.96643,-3.255129,bus,
55.966933,-3.251669,bus,
55.97892,-3.278691,bus,
55.972565,-3.272889,bus,
55.972283,-3.271454,bus,
55.972351,-3.270928,bus,
55.972429,-3.270401,bus,
55.97296,-3.266829,bus,
55.97342,-3.264024,bus,
55.974263,-3.258924,bus,
55.974802,-3.255416,bus,
55.973317,-3.252996,bus,
55.97233,-3.260784,bus,
55.972239,-3.257336,bus,
55.972583,-3.25355,bus,
55.972154,-3.252494,bus,
55.97015,-3.250763,bus,
55.967618,-3.248727,bus,
55.964952,-3.249394,bus,
55.96245,-3.247952,bus,
55.964496,-3.26761,bus,
55.963074,-3.264392,bus,
55.96165,-3.263,bus,
55.960193,-3.256112,bus,
55.959115,-3.253467,bus,
55.958063,-3.250854,bus,
55.957083,-3.248307,bus,
55.946271,-3.250297,bus,
55.946765,-3.247639,bus,
55.948288,-3.248104,bus,
55.950501,-3.249601,bus,
55.950674,-3.24674,bus,
55.951616,-3.24416,bus,
55.956059,-3.244719,bus,
55.957133,-3.241534,bus,
55.956457,-3.243514,bus,
55.955717,-3.240319,bus,
55.954714,-3.23276,bus,
55.954777,-3.229158,bus,
55.954925,-3.226055,bus,
55.956575,-3.23804,bus,
55.957198,-3.234168,bus,
55.95819,-3.228369,bus,
55.960771,-3.255875,bus,
55.960747,-3.249306,bus,
55.961215,-3.244804,bus,
55.96239,-3.240565,bus,
55.964027,-3.238631,bus,
55.966983,-3.23778,bus,
55.967427,-3.247167,bus,
55.967856,-3.242951,bus,
55.968364,-3.238032,bus,
55.978358,-3.242294,bus,
55.979124,-3.241229,bus,
55.980909,-3.236093,bus,
55.981912,-3.230147,bus,
55.983805,-3.2287,bus,
55.983032,-3.22507,bus,
55.975565,-3.252781,bus,
55.976469,-3.249637,bus,
55.976613,-3.245171,bus,
55.976713,-3.243299,bus,
55.976665,-3.239131,bus,
55.974623,-3.238473,bus,
55.97283,-3.238015,bus,
55.971138,-3.2374,bus,
55.96943,-3.23656,bus,
55.967716,-3.235448,bus,
55.965433,-3.233741,bus,
55.964024,-3.232671,bus,
55.962952,-3.233855,bus,
55.961568,-3.230222,bus,
55.960185,-3.2284,bus,
55.958004,-3.225416,bus,
55.956425,-3.223396,bus,
55.955253,-3.219259,bus,
55.95451,-3.215344,bus,
55.955821,-3.21633,bus,
55.957447,-3.213642,bus,
55.957714,-3.211119,bus,
55.958792,-3.224848,bus,
55.959257,-3.221451,bus,
55.95947,-3.21622,bus,
55.959197,-3.212944,bus,
55.958716,-3.209773,bus,
55.958218,-3.208364,bus,
55.960093,-3.204915,bus,
55.960565,-3.201726,bus,
55.977614,-3.237623,bus,
55.978072,-3.235858,bus,
55.978414,-3.23401,bus,
55.979903,-3.230756,bus,
55.980752,-3.224821,bus,
55.980725,-3.223923,bus,
55.980301,-3.223204,bus,
55.975085,-3.238103,bus,
55.975444,-3.234573,bus,
55.977104,-3.221228,bus,
55.975652,-3.231679,bus,
55.97665,-3.230733,bus,
55.978694,-3.229436,bus,
55.979087,-3.225121,bus,
55.978183,-3.222961,bus,
55.975808,-3.22686,bus,
55.976035,-3.223935,bus,
55.977814,-3.218494,bus,
55.976914,-3.21587,bus,
55.974675,-3.215207,bus,
55.972264,-3.214522,bus,
55.968704,-3.23463,bus,
55.969171,-3.230111,bus,
55.969818,-3.223835,bus,
55.970256,-3.219507,bus,
55.970977,-3.21288,bus,
55.97011,-3.207838,bus,
55.968954,-3.206664,bus,
55.96785,-3.205652,bus,
55.966141,-3.203981,bus,
55.964842,-3.202627,bus,
55.962592,-3.19844,bus,
55.962306,-3.200114,bus,
55.960171,-3.200688,bus,
55.959035,-3.200092,bus,
55.957435,-3.199226,bus,
55.957647,-3.207898,bus,
55.957147,-3.205752,bus,
55.957084,-3.203924,bus,
55.957976,-3.199099,bus,
55.958864,-3.195522,bus,
55.951644,-3.211619,bus,
55.950478,-3.208684,bus,
55.956534,-3.202273,bus,
55.955122,-3.201525,bus,
55.902627,-3.220806,bus,
55.90223,-3.216491,bus,
55.902213,-3.212748,bus,
55.902211,-3.208365,bus,
55.901889,-3.206356,bus,
55.896991,-3.203677,bus,
55.899098,-3.204142,bus,
55.9021,-3.205035,bus,
55.904209,-3.207148,bus,
55.906675,-3.20852,bus,
55.909043,-3.20989,bus,
55.910536,-3.211584,bus,
55.912968,-3.213708,bus,
55.915385,-3.213687,bus,
55.91723,-3.213377,bus,
55.900232,-3.200339,bus,
55.899042,-3.194193,bus,
55.899169,-3.19039,bus,
55.89985,-3.175617,bus,
55.899749,-3.172064,bus,
55.899638,-3.169597,bus,
55.899911,-3.16452,bus,
55.907949,-3.225116,bus,
55.909143,-3.222467,bus,
55.910311,-3.22068,bus,
55.91152,-3.219294,bus,
55.913729,-3.217587,bus,
55.915801,-3.217044,bus,
55.917963,-3.216536,bus,
55.919834,-3.212626,bus,
55.92128,-3.211823,bus,
55.923837,-3.210367,bus,
55.916809,-3.230516,bus,
55.916746,-3.227746,bus,
55.916789,-3.226211,bus,
55.916781,-3.223315,bus,
55.918965,-3.222424,bus,
55.921038,-3.221721,bus,
55.922197,-3.222653,bus,
55.92231,-3.221233,bus,
55.922634,-3.217562,bus,
55.923114,-3.214457,bus,
55.924421,-3.210385,bus,
55.924736,-3.208554,bus,
55.92497,-3.202944,bus,
55.92563,-3.19978,bus,
55.926109,-3.193953,bus,
55.926266,-3.189829,bus,
55.926376,-3.18772,bus,
55.927492,-3.187578,bus,
55.929142,-3.188813,bus,
55.93121,-3.187755,bus,
55.931467,-3.187219,bus,
55.932471,-3.183712,bus,
55.933573,-3.185859,bus,
55.929897,-3.190692,bus,
55.932221,-3.192892,bus,
55.93051,-3.192344,bus,
55.926085,-3.209348,bus,
55.928069,-3.209538,bus,
55.93024,-3.209814,bus,
55.932546,-3.210158,bus,
55.930923,-3.190468,bus,
55.932232,-3.209252,bus,
55.933339,-3.2045,bus,
55.933803,-3.200192,bus,
55.934214,-3.197676,bus,
55.935235,-3.194282,bus,
55.936105,-3.194485,bus,
55.938597,-3.195058,bus,
55.939861,-3.195369,bus,
55.936684,-3.194022,bus,
55.938202,-3.192292,bus,
55.939671,-3.186237,bus,
55.939677,-3.190224,bus,
55.941595,-3.200065,bus,
55.943296,-3.202488,bus,
55.934756,-3.210243,bus,
55.936085,-3.209404,bus,
55.937076,-3.20729,bus,
55.939771,-3.204588,bus,
55.941299,-3.203626,bus,
55.942907,-3.20374,bus,
55.931314,-3.22571,bus,
55.934233,-3.223129,bus,
55.936366,-3.220106,bus,
55.937246,-3.217444,bus,
55.938576,-3.214701,bus,
55.939916,-3.211813,bus,
55.940935,-3.209619,bus,
55.941749,-3.20545,bus,
55.945119,-3.205426,bus,
55.946488,-3.205933,bus,
55.948049,-3.207119,bus,
55.949255,-3.206916,bus,
55.941394,-3.199419,bus,
55.939747,-3.189506,bus,
55.939873,-3.185811,bus,
55.944357,-3.202392,bus,
55.944972,-3.196519,bus,
55.950713,-3.204815,bus,
55.950855,-3.204083,bus,
55.950962,-3.203318,bus,
55.951266,-3.201614,bus,
55.951371,-3.20096,bus,
55.951485,-3.200323,bus,
55.952504,-3.199938,bus,
55.953252,-3.199721,bus,
55.953424,-3.19867,bus,
55.956238,-3.198564,bus,
55.954486,-3.197597,bus,
55.95251,-3.196543,bus,
55.95146,-3.196447,bus,
55.948708,-3.192102,bus,
55.947517,-3.189808,bus,
55.946195,-3.189928,bus,
55.946042,-3.187089,bus,
55.944002,-3.185249,bus,
55.941025,-3.18282,bus,
55.952352,-3.195273,bus,
55.952437,-3.194811,bus,
55.952532,-3.19427,bus,
55.953977,-3.195355,bus,
55.953188,-3.190591,bus,
55.953236,-3.190272,bus,
55.955687,-3.194207,bus,
55.956648,-3.188695,bus,
55.971332,-3.20693,bus,
55.977662,-3.209275,bus,
55.976255,-3.209792,bus,
55.974946,-3.209511,bus,
55.974596,-3.206712,bus,
55.973241,-3.205676,bus,
55.972009,-3.204804,bus,
55.971814,-3.203581,bus,
55.972574,-3.198445,bus,
55.973342,-3.193405,bus,
55.980811,-3.222563,bus,
55.98027,-3.22003,bus,
55.980284,-3.215816,bus,
55.980432,-3.2109,bus,
55.980105,-3.207572,bus,
55.980027,-3.203595,bus,
55.979447,-3.197664,bus,
55.977867,-3.196573,bus,
55.977651,-3.192913,bus,
55.975586,-3.190862,bus,
55.961929,-3.195392,bus,
55.959689,-3.19103,bus,
55.958719,-3.19004,bus,
55.957415,-3.18835,bus,
55.954293,-3.187806,bus,
55.955604,-3.186981,bus,
55.958957,-3.18404,bus,
55.962032,-3.180113,bus,
55.964298,-3.178949,bus,
55.963176,-3.195591,bus,
55.964086,-3.19352,bus,
55.966013,-3.18935,bus,
55.964456,-3.18589,bus,
55.962307,-3.182284,bus,
55.967713,-3.187336,bus,
55.973693,-3.188753,bus,
55.972758,-3.187843,bus,
55.970113,-3.186336,bus,
55.968688,-3.184065,bus,
55.967135,-3.182031,bus,
55.965571,-3.180253,bus,
55.980711,-3.197013,bus,
55.980882,-3.19423,bus,
55.980316,-3.190494,bus,
55.979132,-3.183695,bus,
55.977006,-3.179576,bus,
55.974056,-3.188315,bus,
55.974565,-3.184886,bus,
55.974978,-3.182142,bus,
55.969245,-3.184018,bus,
55.970564,-3.180549,bus,
55.971906,-3.176424,bus,
55.974773,-3.178258,bus,
55.973187,-3.17587,bus,
55.971938,-3.173044,bus,
55.974543,-3.17221,bus,
55.975956,-3.170105,bus,
55.979862,-3.177932,bus,
55.978077,-3.179416,bus,
55.97721,-3.17431,bus,
55.976553,-3.170604,bus,
55.975932,-3.167845,bus,
55.975005,-3.162289,bus,
55.964186,-3.177552,bus,
55.966596,-3.175462,bus,
55.968671,-3.173666,bus,
55.971151,-3.172684,bus,
55.950533,-3.185432,bus,
55.951618,-3.179076,bus,
55.952487,-3.175659,bus,
55.953931,-3.173989,bus,
55.953751,-3.187164,bus,
55.953882,-3.18294,bus,
55.953462,-3.179853,bus,
55.955926,-3.173008,bus,
55.956487,-3.172673,bus,
55.957945,-3.182712,bus,
55.957845,-3.179137,bus,
55.957779,-3.17662,bus,
55.957687,-3.173094,bus,
55.958182,-3.172036,bus,
55.960587,-3.171467,bus,
55.962909,-3.170993,bus,
55.96418,-3.170647,bus,
55.966108,-3.17008,bus,
55.968054,-3.168601,bus,
55.969977,-3.16946,bus,
55.972714,-3.162316,bus,
55.971204,-3.161342,bus,
55.968241,-3.165931,bus,
55.966068,-3.163799,bus,
55.964706,-3.162477,bus,
55.962836,-3.159729,bus,
55.961724,-3.158543,bus,
55.959984,-3.157225,bus,
55.969191,-3.16612,bus,
55.969495,-3.163501,bus,
55.963029,-3.157396,bus,
55.969558,-3.159658,bus,
55.967467,-3.157497,bus,
55.965145,-3.154992,bus,
55.963599,-3.154049,bus,
55.957387,-3.168728,bus,
55.957366,-3.168087,bus,
55.957119,-3.165709,bus,
55.957333,-3.16304,bus,
55.958792,-3.156901,bus,
55.959322,-3.155075,bus,
55.959508,-3.151509,bus,
55.969984,-3.159302,bus,
55.970094,-3.15711,bus,
55.961745,-3.15244,bus,
55.960632,-3.151366,bus,
55.957341,-3.146815,bus,
55.957156,-3.143542,bus,
55.95663,-3.13925,bus,
55.970275,-3.153158,bus,
55.971026,-3.149736,bus,
55.968946,-3.145316,bus,
55.962347,-3.151481,bus,
55.962502,-3.148362,bus,
55.962636,-3.145594,bus,
55.961277,-3.142943,bus,
55.960036,-3.142106,bus,
55.958322,-3.146636,bus,
55.96021,-3.139804,bus,
55.960251,-3.137306,bus,
55.958312,-3.138034,bus,
55.956823,-3.163698,bus,
55.955982,-3.158579,bus,
55.955145,-3.151075,bus,
55.955203,-3.147745,bus,
55.955222,-3.145744,bus,
55.955473,-3.141923,bus,
55.960497,-3.134991,bus,
55.960939,-3.130903,bus,
55.960382,-3.127876,bus,
55.957705,-3.124899,bus,
55.956206,-3.137412,bus,
55.956513,-3.133353,bus,
55.956864,-3.1304,bus,
55.957401,-3.125707,bus,
55.956655,-3.120752,bus,
55.956479,-3.120426,bus,
55.959266,-3.12323,bus,
55.954852,-3.117449,bus,
55.953498,-3.115263,bus,
55.953081,-3.114611,bus,
55.95219,-3.111783,bus,
55.954591,-3.140103,bus,
55.953152,-3.138283,bus,
55.95042,-3.136394,bus,
55.947928,-3.136721,bus,
55.952047,-3.133399,bus,
55.951488,-3.130644,bus,
55.950022,-3.127943,bus,
55.948022,-3.126491,bus,
55.954151,-3.147858,bus,
55.952375,-3.144603,bus,
55.950133,-3.140277,bus,
55.949244,-3.139178,bus,
55.947421,-3.137106,bus,
55.946273,-3.135968,bus,
55.949019,-3.186859,bus,
55.948527,-3.186588,bus,
55.945796,-3.184727,bus,
55.945386,-3.184362,bus,
55.945917,-3.182409,bus,
55.943248,-3.17959,bus,
55.941556,-3.178049,bus,
55.940716,-3.176599,bus,
55.943072,-3.182963,bus,
55.942645,-3.18255,bus,
55.941372,-3.18123,bus,
55.937549,-3.180745,bus,
55.940525,-3.180532,bus,
55.939324,-3.178398,bus,
55.934956,-3.193377,bus,
55.936465,-3.18417,bus,
55.935537,-3.190049,bus,
55.935977,-3.187245,bus,
55.936926,-3.181111,bus,
55.938788,-3.179038,bus,
55.936926,-3.177349,bus,
55.934888,-3.175238,bus,
55.932628,-3.172912,bus,
55.930688,-3.170965,bus,
55.927947,-3.168146,bus,
55.9347,-3.178898,bus,
55.932845,-3.177449,bus,
55.929112,-3.175047,bus,
55.927585,-3.182555,bus,
55.928446,-3.179892,bus,
55.929187,-3.177578,bus,
55.927387,-3.174162,bus,
55.924922,-3.172584,bus,
55.926194,-3.184209,bus,
55.924689,-3.179058,bus,
55.924491,-3.173451,bus,
55.925746,-3.168063,bus,
55.938333,-3.173053,bus,
55.936855,-3.170623,bus,
55.934466,-3.167621,bus,
55.932585,-3.165132,bus,
55.929741,-3.161877,bus,
55.926985,-3.166324,bus,
55.928376,-3.163597,bus,
55.930254,-3.158868,bus,
55.931655,-3.156124,bus,
55.933541,-3.164728,bus,
55.933665,-3.161114,bus,
55.933005,-3.157781,bus,
55.932443,-3.154483,bus,
55.932396,-3.150832,bus,
55.932083,-3.144884,bus,
55.932493,-3.142335,bus,
55.933514,-3.141757,bus,
55.937176,-3.144122,bus,
55.942208,-3.145103,bus,
55.943605,-3.14175,bus,
55.944752,-3.137188,bus,
55.925832,-3.166594,bus,
55.921513,-3.167216,bus,
55.918611,-3.167241,bus,
55.915724,-3.166562,bus,
55.914268,-3.164694,bus,
55.913093,-3.163539,bus,
55.917961,-3.164677,bus,
55.915049,-3.161902,bus,
55.91378,-3.160248,bus,
55.911731,-3.163082,bus,
55.90889,-3.163237,bus,
55.907095,-3.163967,bus,
55.904193,-3.165848,bus,
55.900996,-3.163721,bus,
55.899778,-3.162357,bus,
55.898145,-3.16114,bus,
55.896168,-3.161177,bus,
55.893767,-3.161361,bus,
55.901189,-3.159536,bus,
55.902115,-3.155661,bus,
55.902722,-3.153184,bus,
55.903542,-3.150073,bus,
55.911776,-3.15838,bus,
55.910118,-3.156939,bus,
55.908346,-3.155175,bus,
55.907264,-3.153735,bus,
55.905448,-3.150898,bus,
55.904298,-3.148944,bus,
55.900342,-3.144365,bus,
55.898146,-3.141821,bus,
55.89567,-3.137559,bus,
55.924049,-3.16606,bus,
55.923283,-3.164453,bus,
55.921117,-3.160611,bus,
55.918855,-3.155663,bus,
55.917664,-3.15326,bus,
55.914838,-3.14892,bus,
55.913436,-3.146063,bus,
55.914649,-3.145106,bus,
55.916297,-3.143747,bus,
55.91881,-3.139245,bus,
55.913007,-3.145826,bus,
55.911657,-3.142267,bus,
55.91054,-3.140538,bus,
55.90875,-3.136886,bus,
55.906371,-3.133777,bus,
55.904277,-3.147344,bus,
55.904432,-3.145221,bus,
55.90385,-3.141141,bus,
55.903733,-3.138211,bus,
55.904634,-3.136014,bus,
55.905045,-3.131355,bus,
55.904175,-3.127299,bus,
55.902934,-3.123504,bus,
55.900017,-3.113248,bus,
55.906644,-3.132362,bus,
55.908134,-3.129622,bus,
55.900423,-3.126822,bus,
55.912465,-3.126708,bus,
55.92852,-3.15984,bus,
55.927641,-3.156773,bus,
55.925761,-3.15318,bus,
55.923234,-3.149584,bus,
55.921254,-3.145093,bus,
55.920812,-3.142312,bus,
55.920009,-3.138848,bus,
55.918321,-3.134814,bus,
55.914993,-3.128269,bus,
55.913711,-3.126008,bus,
55.932756,-3.140182,bus,
55.933013,-3.137645,bus,
55.932701,-3.134402,bus,
55.932284,-3.131925,bus,
55.931974,-3.129467,bus,
55.930084,-3.125891,bus,
55.929146,-3.124263,bus,
55.926101,-3.122206,bus,
55.925391,-3.119273,bus,
55.924662,-3.116387,bus,
55.925566,-3.119806,bus,
55.925644,-3.122993,bus,
55.927746,-3.124142,bus,
55.932843,-3.127811,bus,
55.933826,-3.12347,bus,
55.934214,-3.120328,bus,
55.934053,-3.118194,bus,
55.933918,-3.115261,bus,
55.945882,-3.134451,bus,
55.947108,-3.130148,bus,
55.947899,-3.125239,bus,
55.94832,-3.122385,bus,
55.943467,-3.131323,bus,
55.94139,-3.127532,bus,
55.939875,-3.126191,bus,
55.942704,-3.127298,bus,
55.939529,-3.123795,bus,
55.942977,-3.123047,bus,
55.947219,-3.12586,bus,
55.94509,-3.123828,bus,
55.943557,-3.122471,bus,
55.940572,-3.119727,bus,
55.94074,-3.116081,bus,
55.943388,-3.11936,bus,
55.934285,-3.114407,bus,
55.9358,-3.114867,bus,
55.938213,-3.115304,bus,
55.939256,-3.11519,bus,
55.94113,-3.115612,bus,
55.942712,-3.116538,bus,
55.938994,-3.112381,bus,
55.939516,-3.108282,bus,
55.939754,-3.105791,bus,
55.946851,-3.118899,bus,
55.949867,-3.119243,bus,
55.951417,-3.116805,bus,
55.95166,-3.10975,bus,
55.950812,-3.106218,bus,
55.950083,-3.103299,bus,
55.949329,-3.100187,bus,
55.94889,-3.095002,bus,
55.948725,-3.091298,bus,
55.948576,-3.086859,bus,
55.948719,-3.086911,bus,
55.94783,-3.082786,bus,
55.943937,-3.1143,bus,
55.944373,-3.109733,bus,
55.944299,-3.105969,bus,
55.944426,-3.100832,bus,
55.944862,-3.096265,bus,
55.945301,-3.09338,bus,
55.945813,-3.090448,bus,
55.946429,-3.086798,bus,
55.946769,-3.083878,bus,
55.946698,-3.081778,bus,
55.933719,-3.110501,bus,
55.933558,-3.107359,bus,
55.934566,-3.104218,bus,
55.933753,-3.099665,bus,
55.934499,-3.094644,bus,
55.935118,-3.090628,bus,
55.935827,-3.08775,bus,
55.937532,-3.08394,bus,
55.918221,-3.227617,bus,
55.91952,-3.238763,bus,
55.984984,-3.190045,bus,
55.982547,-3.193945,bus,
55.981902,-3.191841,bus,
55.922052,-3.138412,bus,
55.922312,-3.132626,bus,
55.922133,-3.132621,bus,
55.921953,-3.1326,bus,
55.922073,-3.130331,bus,
55.924758,-3.124664,bus,
55.937156,-3.084698,bus,
55.935847,-3.087526,bus,
55.934848,-3.091757,bus,
55.933679,-3.098959,bus,
55.933276,-3.101717,bus,
55.934259,-3.10437,bus,
55.933478,-3.108333,bus,
55.93356,-3.111153,bus,
55.946552,-3.082014,bus,
55.946608,-3.08477,bus,
55.946113,-3.087926,bus,
55.945498,-3.091464,bus,
55.944884,-3.094857,bus,
55.944415,-3.099103,bus,
55.944147,-3.105884,bus,
55.944153,-3.110271,bus,
55.943679,-3.114949,bus,
55.946989,-3.081306,bus,
55.948061,-3.084074,bus,
55.948477,-3.088905,bus,
55.948555,-3.091246,bus,
55.948751,-3.094422,bus,
55.949273,-3.100458,bus,
55.950035,-3.103586,bus,
55.950816,-3.106779,bus,
55.951578,-3.109907,bus,
55.952133,-3.112101,bus,
55.951666,-3.116124,bus,
55.948713,-3.11969,bus,
55.946514,-3.118489,bus,
55.944306,-3.117241,bus,
55.940565,-3.116573,bus,
55.940512,-3.119421,bus,
55.939292,-3.124141,bus,
55.938786,-3.104579,bus,
55.93871,-3.104993,bus,
55.939534,-3.106329,bus,
55.939309,-3.109396,bus,
55.938748,-3.11279,bus,
55.940757,-3.115137,bus,
55.939115,-3.11493,bus,
55.936206,-3.114702,bus,
55.934834,-3.114343,bus,
55.943059,-3.120871,bus,
55.945258,-3.124153,bus,
55.946852,-3.125673,bus,
55.942647,-3.125727,bus,
55.941067,-3.127474,bus,
55.94349,-3.13174,bus,
55.948976,-3.120402,bus,
55.947405,-3.127162,bus,
55.946617,-3.131767,bus,
55.933869,-3.116748,bus,
55.93401,-3.120034,bus,
55.933692,-3.123354,bus,
55.932915,-3.126757,bus,
55.927609,-3.124378,bus,
55.929037,-3.124452,bus,
55.93047,-3.126926,bus,
55.932116,-3.130576,bus,
55.932507,-3.134012,bus,
55.932665,-3.139315,bus,
55.914071,-3.126978,bus,
55.918431,-3.135537,bus,
55.915457,-3.129627,bus,
55.919856,-3.138843,bus,
55.918804,-3.13894,bus,
55.920893,-3.143322,bus,
55.921726,-3.147475,bus,
55.923887,-3.15082,bus,
55.926041,-3.153957,bus,
55.927227,-3.155928,bus,
55.928377,-3.16166,bus,
55.912422,-3.126499,bus,
55.908157,-3.129126,bus,
55.906996,-3.131268,bus,
55.900106,-3.114258,bus,
55.902972,-3.124241,bus,
55.899993,-3.127658,bus,
55.904299,-3.12847,bus,
55.905288,-3.132322,bus,
55.905356,-3.134643,bus,
55.903574,-3.13787,bus,
55.903617,-3.140111,bus,
55.904016,-3.143529,bus,
55.904228,-3.146831,bus,
55.906581,-3.134311,bus,
55.908553,-3.136832,bus,
55.909812,-3.139589,bus,
55.917318,-3.136353,bus,
55.916348,-3.137268,bus,
55.914343,-3.137402,bus,
55.91323,-3.140249,bus,
55.912194,-3.144362,bus,
55.9134,-3.147021,bus,
55.915074,-3.149711,bus,
55.917397,-3.153044,bus,
55.918684,-3.155658,bus,
55.919537,-3.15762,bus,
55.921123,-3.160931,bus,
55.923041,-3.164333,bus,
55.923966,-3.166265,bus,
55.894617,-3.135753,bus,
55.896214,-3.139014,bus,
55.898125,-3.142157,bus,
55.900145,-3.144359,bus,
55.904542,-3.149815,bus,
55.905719,-3.151689,bus,
55.907181,-3.153924,bus,
55.908922,-3.156088,bus,
55.910204,-3.157325,bus,
55.912139,-3.158903,bus,
55.903287,-3.150434,bus,
55.902559,-3.153307,bus,
55.901244,-3.158386,bus,
55.893888,-3.161909,bus,
55.897558,-3.161491,bus,
55.899624,-3.16248,bus,
55.901065,-3.164059,bus,
55.903498,-3.166163,bus,
55.905825,-3.165289,bus,
55.907345,-3.164119,bus,
55.908996,-3.163512,bus,
55.911647,-3.163384,bus,
55.914584,-3.161648,bus,
55.917851,-3.164914,bus,
55.913535,-3.164304,bus,
55.915304,-3.166325,bus,
55.918086,-3.167577,bus,
55.921007,-3.167489,bus,
55.923886,-3.167111,bus,
55.925946,-3.166901,bus,
55.94514,-3.136031,bus,
55.943656,-3.141047,bus,
55.942862,-3.143313,bus,
55.937152,-3.143833,bus,
55.933694,-3.141682,bus,
55.93236,-3.142155,bus,
55.931823,-3.145821,bus,
55.932114,-3.150264,bus,
55.932748,-3.157421,bus,
55.933448,-3.160388,bus,
55.933598,-3.162537,bus,
55.931045,-3.15697,bus,
55.929992,-3.159068,bus,
55.927748,-3.164522,bus,
55.93021,-3.162612,bus,
55.933577,-3.166634,bus,
55.935243,-3.169086,bus,
55.936319,-3.170335,bus,
55.93803,-3.172708,bus,
55.925704,-3.167758,bus,
55.924387,-3.174024,bus,
55.924098,-3.177952,bus,
55.924576,-3.179583,bus,
55.926008,-3.183899,bus,
55.92508,-3.172924,bus,
55.928153,-3.174778,bus,
55.929449,-3.176466,bus,
55.928431,-3.179588,bus,
55.927469,-3.182471,bus,
55.930484,-3.176369,bus,
55.932423,-3.177452,bus,
55.934466,-3.178955,bus,
55.928139,-3.168744,bus,
55.93081,-3.171369,bus,
55.933382,-3.173944,bus,
55.934583,-3.175197,bus,
55.935891,-3.176517,bus,
55.93784,-3.178529,bus,
55.93713,-3.178555,bus,
55.936417,-3.183544,bus,
55.936149,-3.185265,bus,
55.935483,-3.187214,bus,
55.933613,-3.185492,bus,
55.932563,-3.183491,bus,
55.935699,-3.188085,bus,
55.935241,-3.190872,bus,
55.934944,-3.192784,bus,
55.939228,-3.178107,bus,
55.940416,-3.180737,bus,
55.938091,-3.181386,bus,
55.943266,-3.183385,bus,
55.940119,-3.176101,bus,
55.941676,-3.178566,bus,
55.943139,-3.179731,bus,
55.944312,-3.181063,bus,
55.945641,-3.182993,bus,
55.945721,-3.184997,bus,
55.948936,-3.187097,bus,
55.949347,-3.187286,bus,
55.945807,-3.13581,bus,
55.947748,-3.137709,bus,
55.949597,-3.139909,bus,
55.9507,-3.141062,bus,
55.952912,-3.145803,bus,
55.95359,-3.147313,bus,
55.947975,-3.126682,bus,
55.949904,-3.128067,bus,
55.951482,-3.131348,bus,
55.952,-3.134614,bus,
55.94841,-3.137055,bus,
55.950768,-3.136692,bus,
55.952776,-3.138128,bus,
55.955034,-3.140741,bus,
55.953547,-3.115729,bus,
55.953423,-3.115502,bus,
55.955008,-3.11811,bus,
55.956307,-3.120534,bus,
55.957238,-3.125814,bus,
55.957032,-3.127698,bus,
55.956576,-3.131465,bus,
55.956284,-3.134852,bus,
55.957658,-3.125154,bus,
55.959785,-3.127346,bus,
55.960691,-3.131473,bus,
55.960275,-3.135593,bus,
55.956725,-3.138645,bus,
55.958573,-3.138026,bus,
55.960108,-3.137222,bus,
55.960064,-3.140056,bus,
55.960707,-3.142382,bus,
55.962236,-3.145102,bus,
55.962326,-3.14991,bus,
55.95968,-3.157104,bus,
55.9614,-3.158661,bus,
55.969116,-3.145385,bus,
55.969941,-3.146515,bus,
55.970448,-3.151962,bus,
55.970027,-3.15565,bus,
55.955608,-3.139973,bus,
55.955024,-3.144745,bus,
55.955024,-3.147676,bus,
55.955088,-3.152386,bus,
55.955579,-3.156549,bus,
55.956341,-3.161537,bus,
55.956712,-3.164063,bus,
55.961182,-3.152135,bus,
55.959351,-3.150975,bus,
55.95915,-3.155214,bus,
55.957979,-3.158335,bus,
55.957459,-3.160145,bus,
55.957224,-3.167922,bus,
55.962606,-3.153603,bus,
55.964142,-3.154626,bus,
55.966158,-3.15616,bus,
55.967899,-3.158295,bus,
55.963617,-3.155027,bus,
55.962755,-3.157869,bus,
55.96969,-3.160928,bus,
55.969253,-3.164327,bus,
55.963498,-3.161063,bus,
55.964882,-3.16293,bus,
55.966415,-3.164258,bus,
55.968496,-3.166499,bus,
55.971183,-3.161693,bus,
55.973046,-3.162294,bus,
55.974955,-3.162832,bus,
55.969278,-3.168414,bus,
55.970005,-3.17031,bus,
55.968002,-3.168359,bus,
55.966237,-3.169748,bus,
55.964073,-3.170483,bus,
55.961228,-3.171086,bus,
55.958671,-3.17165,bus,
55.95755,-3.173266,bus,
55.957642,-3.176872,bus,
55.957727,-3.180126,bus,
55.957772,-3.182995,bus,
55.955875,-3.172719,bus,
55.953359,-3.179305,bus,
55.953839,-3.183612,bus,
55.953645,-3.186953,bus,
55.95357,-3.187335,bus,
55.9571,-3.172467,bus,
55.955884,-3.171758,bus,
55.954134,-3.173435,bus,
55.952166,-3.176306,bus,
55.951415,-3.17963,bus,
55.950802,-3.182718,bus,
55.950341,-3.185811,bus,
55.971058,-3.172986,bus,
55.970007,-3.172041,bus,
55.969617,-3.172365,bus,
55.966048,-3.175397,bus,
55.975453,-3.167174,bus,
55.976758,-3.172677,bus,
55.977311,-3.175867,bus,
55.977872,-3.179234,bus,
55.975083,-3.171201,bus,
55.973873,-3.172734,bus,
55.971913,-3.172883,bus,
55.9722,-3.174783,bus,
55.973166,-3.17619,bus,
55.974672,-3.178431,bus,
55.972153,-3.175983,bus,
55.970938,-3.179023,bus,
55.970272,-3.181005,bus,
55.975092,-3.180607,bus,
55.974726,-3.183112,bus,
55.974343,-3.185568,bus,
55.976673,-3.17971,bus,
55.978969,-3.180164,bus,
55.980038,-3.17829,bus,
55.980386,-3.177643,bus,
55.978562,-3.182332,bus,
55.979909,-3.189841,bus,
55.980718,-3.194481,bus,
55.98053,-3.1972,bus,
55.965809,-3.180709,bus,
55.967568,-3.182813,bus,
55.968463,-3.184042,bus,
55.970022,-3.186461,bus,
55.972595,-3.18795,bus,
55.968706,-3.185011,bus,
55.967708,-3.186919,bus,
55.965916,-3.189171,bus,
55.964296,-3.192229,bus,
55.963739,-3.194038,bus,
55.963945,-3.177352,bus,
55.961774,-3.179849,bus,
55.962313,-3.182669,bus,
55.964285,-3.185949,bus,
55.958763,-3.183666,bus,
55.958563,-3.183852,bus,
55.955571,-3.186692,bus,
55.955301,-3.186747,bus,
55.957198,-3.188471,bus,
55.95972,-3.19156,bus,
55.960612,-3.193125,bus,
55.962074,-3.196246,bus,
55.974429,-3.189769,bus,
55.975655,-3.191217,bus,
55.977845,-3.193239,bus,
55.977809,-3.196042,bus,
55.979597,-3.197941,bus,
55.979904,-3.204216,bus,
55.980091,-3.20903,bus,
55.980362,-3.211619,bus,
55.980114,-3.215778,bus,
55.98021,-3.220653,bus,
55.973717,-3.189987,bus,
55.973206,-3.193545,bus,
55.972428,-3.198745,bus,
55.97162,-3.204151,bus,
55.971927,-3.204946,bus,
55.97314,-3.205833,bus,
55.974898,-3.207138,bus,
55.976306,-3.208335,bus,
55.971248,-3.206415,bus,
55.956452,-3.187551,bus,
55.952928,-3.190486,bus,
55.95288,-3.190805,bus,
55.955028,-3.194523,bus,
55.952326,-3.194199,bus,
55.952212,-3.194869,bus,
55.952097,-3.195634,bus,
55.941413,-3.183537,bus,
55.943963,-3.185584,bus,
55.945733,-3.185606,bus,
55.945962,-3.188896,bus,
55.94621,-3.191113,bus,
55.947206,-3.190327,bus,
55.948347,-3.192187,bus,
55.951278,-3.196681,bus,
55.956288,-3.198886,bus,
55.95442,-3.197868,bus,
55.952998,-3.197167,bus,
55.953014,-3.199233,bus,
55.951957,-3.199889,bus,
55.951127,-3.201081,bus,
55.95104,-3.201719,bus,
55.950945,-3.202244,bus,
55.950717,-3.203534,bus,
55.950556,-3.20441,bus,
55.945103,-3.192296,bus,
55.944807,-3.194929,bus,
55.944803,-3.198179,bus,
55.949536,-3.206716,bus,
55.949214,-3.206578,bus,
55.947692,-3.207828,bus,
55.947074,-3.205743,bus,
55.945157,-3.205139,bus,
55.942891,-3.203532,bus,
55.942631,-3.203412,bus,
55.941703,-3.204616,bus,
55.940701,-3.209692,bus,
55.939342,-3.212611,bus,
55.938121,-3.215263,bus,
55.936863,-3.218025,bus,
55.936029,-3.22056,bus,
55.93391,-3.223134,bus,
55.941365,-3.20334,bus,
55.939231,-3.204667,bus,
55.936403,-3.208149,bus,
55.934794,-3.21002,bus,
55.94314,-3.20189,bus,
55.938043,-3.191951,bus,
55.939317,-3.194952,bus,
55.937694,-3.194614,bus,
55.936789,-3.194394,bus,
55.935103,-3.194022,bus,
55.934489,-3.195283,bus,
55.933831,-3.199121,bus,
55.933233,-3.204241,bus,
55.932364,-3.205878,bus,
55.931677,-3.209875,bus,
55.928771,-3.209384,bus,
55.925546,-3.209284,bus,
55.934342,-3.193678,bus,
55.932446,-3.192787,bus,
55.928841,-3.188355,bus,
55.926846,-3.186534,bus,
55.926277,-3.186852,bus,
55.926049,-3.191823,bus,
55.926038,-3.195695,bus,
55.925297,-3.20081,bus,
55.924615,-3.204357,bus,
55.924597,-3.20807,bus,
55.924209,-3.210938,bus,
55.922914,-3.214659,bus,
55.922531,-3.217047,bus,
55.922203,-3.221213,bus,
55.920655,-3.221437,bus,
55.919153,-3.221534,bus,
55.916688,-3.223728,bus,
55.916667,-3.225759,bus,
55.916665,-3.228703,bus,
55.922412,-3.210962,bus,
55.920794,-3.211888,bus,
55.919109,-3.213275,bus,
55.917676,-3.216431,bus,
55.91504,-3.21678,bus,
55.913178,-3.217938,bus,
55.911742,-3.218613,bus,
55.910558,-3.220271,bus,
55.908906,-3.222779,bus,
55.907633,-3.226114,bus,
55.899971,-3.163834,bus,
55.899551,-3.170283,bus,
55.899659,-3.173053,bus,
55.898994,-3.190881,bus,
55.898871,-3.194268,bus,
55.899271,-3.197526,bus,
55.90048,-3.201562,bus,
55.917449,-3.21308,bus,
55.915334,-3.213366,bus,
55.912836,-3.213415,bus,
55.911178,-3.21202,bus,
55.909232,-3.209815,bus,
55.906462,-3.20821,bus,
55.903376,-3.205906,bus,
55.902308,-3.20485,bus,
55.899352,-3.20391,bus,
55.897586,-3.203536,bus,
55.901713,-3.205999,bus,
55.902097,-3.208938,bus,
55.902098,-3.213384,bus,
55.902115,-3.218119,bus,
55.902509,-3.220946,bus,
55.953913,-3.201087,bus,
55.955745,-3.202121,bus,
55.950597,-3.20936,bus,
55.950421,-3.20897,bus,
55.95156,-3.211952,bus,
55.959055,-3.195288,bus,
55.956919,-3.204223,bus,
55.957346,-3.207392,bus,
55.958166,-3.199889,bus,
55.959488,-3.200619,bus,
55.961191,-3.198317,bus,
55.960632,-3.20035,bus,
55.961267,-3.201555,bus,
55.96231,-3.200546,bus,
55.963339,-3.201043,bus,
55.965418,-3.203494,bus,
55.966921,-3.205015,bus,
55.968283,-3.206307,bus,
55.969601,-3.207581,bus,
55.970588,-3.20859,bus,
55.970924,-3.211933,bus,
55.97041,-3.216691,bus,
55.970201,-3.218736,bus,
55.969615,-3.224373,bus,
55.969286,-3.227647,bus,
55.96887,-3.231447,bus,
55.96854,-3.234817,bus,
55.971286,-3.214428,bus,
55.973266,-3.215018,bus,
55.975667,-3.215735,bus,
55.977539,-3.216306,bus,
55.97652,-3.220297,bus,
55.975781,-3.225081,bus,
55.97567,-3.227161,bus,
55.978605,-3.223904,bus,
55.978771,-3.227964,bus,
55.978559,-3.230361,bus,
55.975482,-3.232475,bus,
55.975248,-3.235256,bus,
55.980463,-3.22595,bus,
55.980626,-3.229385,bus,
55.976608,-3.230475,bus,
55.978435,-3.232873,bus,
55.977827,-3.236155,bus,
55.977246,-3.238476,bus,
55.960255,-3.203094,bus,
55.959957,-3.205087,bus,
55.958473,-3.207972,bus,
55.958924,-3.211462,bus,
55.959304,-3.215734,bus,
55.959255,-3.220746,bus,
55.95867,-3.22446,bus,
55.957394,-3.211734,bus,
55.956682,-3.214675,bus,
55.955741,-3.216199,bus,
55.954373,-3.2155,bus,
55.955125,-3.219511,bus,
55.957789,-3.225393,bus,
55.960032,-3.22846,bus,
55.961884,-3.231001,bus,
55.963158,-3.233925,bus,
55.963317,-3.232424,bus,
55.964976,-3.233615,bus,
55.966439,-3.234718,bus,
55.969455,-3.236769,bus,
55.970796,-3.237421,bus,
55.972836,-3.238287,bus,
55.975158,-3.238858,bus,
55.976725,-3.239405,bus,
55.976581,-3.242974,bus,
55.976455,-3.246608,bus,
55.976269,-3.249839,bus,
55.975311,-3.253077,bus,
55.968228,-3.238172,bus,
55.967834,-3.241588,bus,
55.967361,-3.246636,bus,
55.967312,-3.23723,bus,
55.966211,-3.237691,bus,
55.963378,-3.238818,bus,
55.961789,-3.241427,bus,
55.961075,-3.244447,bus,
55.960669,-3.248183,bus,
55.960536,-3.252407,bus,
55.960651,-3.25523,bus,
55.957791,-3.229638,bus,
55.957228,-3.232936,bus,
55.956471,-3.237637,bus,
55.954879,-3.224356,bus,
55.954664,-3.22877,bus,
55.954684,-3.23577,bus,
55.955244,-3.239023,bus,
55.956278,-3.243444,bus,
55.955638,-3.244561,bus,
55.953027,-3.244205,bus,
55.950737,-3.244083,bus,
55.950552,-3.247216,bus,
55.950355,-3.24982,bus,
55.948122,-3.247635,bus,
55.946562,-3.248129,bus,
55.946132,-3.250645,bus,
55.957175,-3.248919,bus,
55.958637,-3.25273,bus,
55.959382,-3.25458,bus,
55.960144,-3.256543,bus,
55.961338,-3.261932,bus,
55.96216,-3.264154,bus,
55.963202,-3.265021,bus,
55.964651,-3.26824,bus,
55.961242,-3.247512,bus,
55.962779,-3.248379,bus,
55.964985,-3.249635,bus,
55.967738,-3.249323,bus,
55.969503,-3.250678,bus,
55.971597,-3.25246,bus,
55.972341,-3.25351,bus,
55.971935,-3.258944,bus,
55.972113,-3.260937,bus,
55.973949,-3.253562,bus,
55.974128,-3.253648,bus,
55.974623,-3.255314,bus,
55.973932,-3.259602,bus,
55.973179,-3.263888,bus,
55.972658,-3.267332,bus,
55.972073,-3.270886,bus,
55.966605,-3.252924,bus,
55.966146,-3.255696,bus,
55.965757,-3.261179,bus,
55.966277,-3.265698,bus,
55.966919,-3.267946,bus,
55.968241,-3.269607,bus,
55.969408,-3.270543,bus,
55.9724,-3.27314,bus,
55.965599,-3.267822,bus,
55.965451,-3.270845,bus,
55.9654,-3.273167,bus,
55.966804,-3.276449,bus,
55.968434,-3.278714,bus,
55.970285,-3.281355,bus,
55.973516,-3.296252,bus,
55.975044,-3.298819,bus,
55.975328,-3.29995,bus,
55.973155,-3.304139,bus,
55.971587,-3.30625,bus,
55.968798,-3.307373,bus,
55.969785,-3.306718,bus,
55.966612,-3.30762,bus,
55.963079,-3.30694,bus,
55.961498,-3.306006,bus,
55.963707,-3.273528,bus,
55.961772,-3.265102,bus,
55.962061,-3.267643,bus,
55.962288,-3.270053,bus,
55.96259,-3.275606,bus,
55.961372,-3.282133,bus,
55.958604,-3.279559,bus,
55.961746,-3.28418,bus,
55.961061,-3.290389,bus,
55.960578,-3.294457,bus,
55.960277,-3.300006,bus,
55.960512,-3.303313,bus,
55.952655,-3.311233,bus,
55.960949,-3.308695,bus,
55.962568,-3.314436,bus,
55.965305,-3.318134,bus,
55.96809,-3.321529,bus,
55.971644,-3.329453,bus,
55.980059,-3.348061,bus,
55.98418,-3.363063,bus,
55.982304,-3.373399,bus,
55.986431,-3.376382,bus,
55.986737,-3.382003,bus,
55.987222,-3.387631,bus,
55.987481,-3.390911,bus,
55.987064,-3.396073,bus,
55.990686,-3.398368,bus,
55.989744,-3.406077,bus,
55.99012,-3.397562,bus,
55.98641,-3.396675,bus,
55.9846,-3.396225,bus,
55.977546,-3.396996,bus,
55.989096,-3.410911,bus,
55.988239,-3.41516,bus,
55.986665,-3.41919,bus,
55.984806,-3.412822,bus,
55.984229,-3.409868,bus,
55.982751,-3.394395,bus,
55.982109,-3.390862,bus,
55.982499,-3.38735,bus,
55.982785,-3.385068,bus,
55.947483,-3.195123,bus,
55.946434,-3.198582,bus,
55.94583,-3.201557,bus,
55.945041,-3.204143,bus,
55.943376,-3.208158,bus,
55.94255,-3.211735,bus,
55.943374,-3.214755,bus,
55.941197,-3.215871,bus,
55.941239,-3.218867,bus,
55.940115,-3.218975,bus,
55.945667,-3.208133,bus,
55.946065,-3.212421,bus,
55.949675,-3.209043,bus,
55.949354,-3.209721,bus,
55.949151,-3.210196,bus,
55.947818,-3.21326,bus,
55.945838,-3.220004,bus,
55.945825,-3.219459,bus,
55.945871,-3.224809,bus,
55.94572,-3.228198,bus,
55.945592,-3.230212,bus,
55.945873,-3.236258,bus,
55.945162,-3.245346,bus,
55.944512,-3.250897,bus,
55.941533,-3.251457,bus,
55.939738,-3.251239,bus,
55.944606,-3.252277,bus,
55.943305,-3.2592,bus,
55.942388,-3.264518,bus,
55.942093,-3.267775,bus,
55.941664,-3.271091,bus,
55.941859,-3.274796,bus,
55.942213,-3.277914,bus,
55.942667,-3.281787,bus,
55.943019,-3.28681,bus,
55.942847,-3.29124,bus,
55.944938,-3.294064,bus,
55.947215,-3.29454,bus,
55.94871,-3.295086,bus,
55.9514,-3.296521,bus,
55.953197,-3.297382,bus,
55.953961,-3.296463,bus,
55.954762,-3.292982,bus,
55.95553,-3.288315,bus,
55.955814,-3.286034,bus,
55.956297,-3.28283,bus,
55.956683,-3.280216,bus,
55.954502,-3.278302,bus,
55.948679,-3.279152,bus,
55.942234,-3.295751,bus,
55.941731,-3.299112,bus,
55.941362,-3.302558,bus,
55.940952,-3.30738,bus,
55.940683,-3.311501,bus,
55.941809,-3.312948,bus,
55.947985,-3.314406,bus,
55.949545,-3.312169,bus,
55.949814,-3.308847,bus,
55.951734,-3.307439,bus,
55.954093,-3.306942,bus,
55.923022,-3.37855,bus,
55.921458,-3.380159,bus,
55.921477,-3.380928,bus,
55.920607,-3.384802,bus,
55.920481,-3.388734,bus,
55.921967,-3.389267,bus,
55.921196,-3.390696,bus,
55.938736,-3.32554,bus,
55.936558,-3.338337,bus,
55.935421,-3.332086,bus,
55.936641,-3.352107,bus,
55.943568,-3.361123,bus,
55.93904,-3.356241,bus,
55.948145,-3.364102,bus,
55.948184,-3.362246,bus,
55.948062,-3.361857,bus,
55.947854,-3.361161,bus,
55.936758,-3.35781,bus,
55.937626,-3.36711,bus,
55.9381,-3.373723,bus,
55.938675,-3.389785,bus,
55.937814,-3.391243,bus,
55.936893,-3.391578,bus,
55.938842,-3.397988,bus,
55.935719,-3.396899,bus,
55.933562,-3.389746,bus,
55.928883,-3.385545,bus,
55.937821,-3.408021,bus,
55.939761,-3.408092,bus,
55.940084,-3.406502,bus,
55.946081,-3.413333,bus,
55.95273,-3.404671,bus,
55.954078,-3.402349,bus,
55.955301,-3.401432,bus,
55.956098,-3.403287,bus,
55.956481,-3.40596,bus,
55.956519,-3.412849,bus,
55.959707,-3.412965,bus,
55.959969,-3.407368,bus,
55.961027,-3.40361,bus,
55.945534,-3.217096,bus,
55.942553,-3.22139,bus,
55.941414,-3.223035,bus,
55.939618,-3.225588,bus,
55.939113,-3.225764,bus,
55.938646,-3.223972,bus,
55.938739,-3.226296,bus,
55.93675,-3.227546,bus,
55.935087,-3.231272,bus,
55.925217,-3.210762,bus,
55.925432,-3.213537,bus,
55.924677,-3.217242,bus,
55.92449,-3.221573,bus,
55.925946,-3.224244,bus,
55.92852,-3.223909,bus,
55.933437,-3.211834,bus,
55.931507,-3.217136,bus,
55.930583,-3.220677,bus,
55.929593,-3.224391,bus,
55.930459,-3.224994,bus,
55.932562,-3.228518,bus,
55.930782,-3.225917,bus,
55.92865,-3.227994,bus,
55.927922,-3.229828,bus,
55.925754,-3.233632,bus,
55.922935,-3.236967,bus,
55.921302,-3.238564,bus,
55.93358,-3.234537,bus,
55.930701,-3.238463,bus,
55.929391,-3.240118,bus,
55.926941,-3.243401,bus,
55.929049,-3.249086,bus,
55.930289,-3.251751,bus,
55.925005,-3.245579,bus,
55.923461,-3.24721,bus,
55.921909,-3.243336,bus,
55.919148,-3.240895,bus,
55.917506,-3.241627,bus,
55.91556,-3.240316,bus,
55.912276,-3.238068,bus,
55.910048,-3.234429,bus,
55.908609,-3.2292,bus,
55.906497,-3.225662,bus,
55.905204,-3.223766,bus,
55.904334,-3.222699,bus,
55.901235,-3.221642,bus,
55.901013,-3.225937,bus,
55.901182,-3.222488,bus,
55.903914,-3.223374,bus,
55.903884,-3.226316,bus,
55.903859,-3.230666,bus,
55.904481,-3.236684,bus,
55.905745,-3.243298,bus,
55.913239,-3.244114,bus,
55.911314,-3.247924,bus,
55.908826,-3.251363,bus,
55.90793,-3.253798,bus,
55.901798,-3.253216,bus,
55.903532,-3.252393,bus,
55.908068,-3.250779,bus,
55.906475,-3.247449,bus,
55.905303,-3.249634,bus,
55.906465,-3.252887,bus,
55.907566,-3.25417,bus,
55.906602,-3.25801,bus,
55.901328,-3.258847,bus,
55.904219,-3.261708,bus,
55.903443,-3.26549,bus,
55.902993,-3.26813,bus,
55.901214,-3.268168,bus,
55.899807,-3.270409,bus,
55.907242,-3.258671,bus,
55.907089,-3.267432,bus,
55.934625,-3.234314,bus,
55.936353,-3.236707,bus,
55.93878,-3.228491,bus,
55.937837,-3.232111,bus,
55.937254,-3.234718,bus,
55.936318,-3.240195,bus,
55.933983,-3.244491,bus,
55.936835,-3.239764,bus,
55.939032,-3.241003,bus,
55.940374,-3.238964,bus,
55.937423,-3.24292,bus,
55.935952,-3.245258,bus,
55.934762,-3.246581,bus,
55.932958,-3.246379,bus,
55.932269,-3.24879,bus,
55.930672,-3.253812,bus,
55.929718,-3.257511,bus,
55.929586,-3.260692,bus,
55.936815,-3.249672,bus,
55.935414,-3.253197,bus,
55.933874,-3.257069,bus,
55.932917,-3.259183,bus,
55.928243,-3.265498,bus,
55.933238,-3.262059,bus,
55.933551,-3.265735,bus,
55.932503,-3.271575,bus,
55.923612,-3.251776,bus,
55.925253,-3.258326,bus,
55.925167,-3.264053,bus,
55.925308,-3.266954,bus,
55.925739,-3.269577,bus,
55.925943,-3.271632,bus,
55.924732,-3.276618,bus,
55.931188,-3.277054,bus,
55.93062,-3.282398,bus,
55.929944,-3.284328,bus,
55.932785,-3.274722,bus,
55.93415,-3.276496,bus,
55.935957,-3.279036,bus,
55.938485,-3.28048,bus,
55.94042,-3.284419,bus,
55.939904,-3.288292,bus,
55.939972,-3.291192,bus,
55.926156,-3.283067,bus,
55.928556,-3.28473,bus,
55.933285,-3.287976,bus,
55.936356,-3.290688,bus,
55.938411,-3.292709,bus,
55.942001,-3.293117,bus,
55.923463,-3.282802,bus,
55.922801,-3.287741,bus,
55.922217,-3.250243,bus,
55.920796,-3.254726,bus,
55.918647,-3.258416,bus,
55.916277,-3.259956,bus,
55.914999,-3.261034,bus,
55.924835,-3.259657,bus,
55.923017,-3.261631,bus,
55.921651,-3.263395,bus,
55.919657,-3.26509,bus,
55.916896,-3.26444,bus,
55.914581,-3.262429,bus,
55.913066,-3.262939,bus,
55.911893,-3.265125,bus,
55.909881,-3.268547,bus,
55.908414,-3.270563,bus,
55.907518,-3.273717,bus,
55.905953,-3.278272,bus,
55.904777,-3.281577,bus,
55.903901,-3.283739,bus,
55.903349,-3.285,bus,
55.901665,-3.289599,bus,
55.900069,-3.295256,bus,
55.899046,-3.298564,bus,
55.897463,-3.303005,bus,
55.896785,-3.305909,bus,
55.909,-3.272917,bus,
55.924356,-3.26774,bus,
55.922261,-3.272232,bus,
55.920331,-3.271241,bus,
55.917908,-3.274346,bus,
55.92004,-3.281056,bus,
55.919263,-3.275414,bus,
55.917363,-3.277576,bus,
55.912479,-3.277095,bus,
55.911277,-3.281311,bus,
55.914289,-3.276771,bus,
55.916497,-3.278763,bus,
55.918098,-3.289777,bus,
55.917752,-3.285941,bus,
55.91751,-3.283261,bus,
55.91818,-3.298244,bus,
55.917761,-3.295398,bus,
55.918503,-3.290606,bus,
55.919998,-3.291104,bus,
55.92055,-3.295859,bus,
55.919657,-3.297093,bus,
55.919182,-3.299494,bus,
55.916454,-3.28545,bus,
55.916361,-3.285783,bus,
55.913896,-3.291205,bus,
55.910966,-3.291268,bus,
55.91147,-3.287717,bus,
55.909565,-3.282567,bus,
55.91647,-3.285643,bus,
55.916432,-3.285817,bus,
55.914515,-3.286986,bus,
55.919955,-3.290031,bus,
55.92989,-3.292121,bus,
55.931896,-3.293629,bus,
55.932914,-3.297632,bus,
55.933424,-3.300387,bus,
55.934112,-3.30414,bus,
55.933082,-3.308923,bus,
55.933249,-3.314323,bus,
55.934703,-3.316182,bus,
55.931377,-3.295068,bus,
55.930012,-3.299312,bus,
55.929731,-3.302024,bus,
55.927814,-3.308265,bus,
55.931131,-3.30564,bus,
55.932245,-3.306478,bus,
55.934038,-3.307723,bus,
55.937486,-3.318053,bus,
55.929249,-3.287218,bus,
55.929023,-3.289964,bus,
55.927813,-3.29218,bus,
55.926956,-3.29428,bus,
55.926307,-3.298724,bus,
55.925783,-3.302339,bus,
55.926141,-3.293149,bus,
55.923156,-3.291545,bus,
55.927099,-3.307057,bus,
55.928145,-3.297345,bus,
55.921876,-3.292847,bus,
55.920812,-3.298284,bus,
55.917131,-3.314082,bus,
55.917117,-3.321266,bus,
55.912107,-3.354789,bus,
55.908011,-3.368515,bus,
55.914507,-3.325017,bus,
55.913619,-3.328186,bus,
55.912273,-3.324685,bus,
55.900877,-3.309774,bus,
55.907026,-3.323018,bus,
55.901222,-3.318758,bus,
55.899934,-3.315643,bus,
55.89872,-3.313235,bus,
55.896813,-3.312595,bus,
55.896103,-3.310028,bus,
55.895018,-3.31319,bus,
55.894039,-3.3157,bus,
55.892618,-3.320817,bus,
55.891603,-3.324108,bus,
55.890106,-3.329638,bus,
55.888178,-3.338397,bus,
55.886521,-3.33954,bus,
55.883997,-3.342714,bus,
55.881497,-3.347855,bus,
55.878643,-3.349163,bus,
55.875516,-3.346769,bus,
55.874635,-3.343446,bus,
55.875376,-3.341489,bus,
55.919566,-3.237788,bus,
55.918342,-3.227236,bus,
55.919303,-3.222802,bus,
55.981789,-3.229935,bus,
55.980825,-3.235546,bus,
55.978925,-3.241302,bus,
55.978415,-3.241975,bus,
55.981563,-3.191591,bus,
55.983111,-3.194139,bus,
55.924477,-3.124912,bus,
55.922097,-3.129692,bus,
55.92223,-3.132848,bus,
55.922418,-3.13287,bus,
55.92258,-3.132874,bus,
55.92125,-3.139684,bus,
55.903218,-3.310988,bus,
55.982338,-3.399125,bus,
55.983813,-3.401406,bus,
55.983879,-3.401168,bus,
55.98249,-3.399274,bus,
55.953939,-3.19561,bus,
55.944737,-2.988968,bus,
55.941676,-3.00972,bus,
55.940718,-3.01144,bus,
55.939867,-3.012234,bus,
55.938472,-3.013638,bus,
55.936267,-3.016174,bus,
55.922221,-3.035825,bus,
55.920942,-3.038303,bus,
55.919201,-3.042401,bus,
55.94273,-3.007121,bus,
55.943317,-3.002381,bus,
55.942667,-3.023483,bus,
55.942533,-3.020165,bus,
55.94285,-3.015562,bus,
55.937131,-3.073283,bus,
55.942891,-3.055542,bus,
55.945225,-3.07245,bus,
55.944007,-3.058454,bus,
55.94581,-3.038793,bus,
55.945371,-3.033273,bus,
55.944798,-3.029767,bus,
55.942267,-3.047552,bus,
55.94062,-3.057337,bus,
55.942968,-3.029382,bus,
55.941877,-3.034125,bus,
55.941392,-3.036241,bus,
55.942465,-3.051784,bus,
55.943822,-3.045384,bus,
55.947919,-3.019746,bus,
55.941089,-3.040235,bus,
55.941463,-3.065846,bus,
55.945192,-3.042731,bus,
55.945709,-3.07565,bus,
55.934214,-3.070849,bus,
55.93527,-3.072335,bus,
55.938019,-3.072347,bus,
55.939694,-3.073034,bus,
55.940372,-3.046444,bus,
55.945188,-3.025054,bus,
55.946303,-3.022746,bus,
55.943435,-3.026289,bus,
55.943744,-3.00726,bus,
55.944553,-3.024653,bus,
55.944054,-3.064412,bus,
55.933891,-3.069672,bus,
55.942437,-3.016608,bus,
55.941841,-3.017969,bus,
55.944086,-3.02035,bus,
55.935693,-3.065047,bus,
55.934677,-3.067164,bus,
55.944574,-2.990277,bus,
55.940836,-3.010258,bus,
55.940715,-3.01184,bus,
55.939335,-3.012444,bus,
55.935988,-3.016279,bus,
55.938021,-3.013819,bus,
55.936728,-3.015898,bus,
55.921603,-3.036737,bus,
55.920298,-3.03907,bus,
55.94257,-3.006957,bus,
55.943147,-3.002313,bus,
55.942738,-3.024669,bus,
55.942348,-3.021825,bus,
55.942966,-3.016718,bus,
55.937045,-3.073809,bus,
55.94278,-3.055891,bus,
55.945106,-3.072703,bus,
55.943826,-3.05965,bus,
55.945586,-3.038723,bus,
55.944744,-3.030855,bus,
55.945412,-3.034763,bus,
55.941718,-3.047697,bus,
55.943347,-3.027135,bus,
55.941894,-3.03326,bus,
55.942153,-3.052528,bus,
55.943459,-3.045759,bus,
55.946473,-3.021774,bus,
55.94075,-3.041043,bus,
55.941091,-3.037946,bus,
55.944841,-3.04285,bus,
55.945557,-3.07659,bus,
55.934362,-3.071301,bus,
55.93531,-3.07288,bus,
55.939944,-3.073217,bus,
55.940181,-3.046679,bus,
55.943774,-3.006924,bus,
55.942186,-3.016521,bus,
55.941798,-3.018913,bus,
55.943866,-3.065464,bus,
55.939773,-3.048157,bus,
55.94435,-3.027434,bus,
55.942705,-3.029744,bus,
55.948091,-3.018517,bus,
55.945137,-3.024668,bus,
55.943774,-3.020085,bus,
55.943846,-3.062597,bus,
55.933907,-3.068856,bus,
55.934563,-3.066793,bus,
55.935505,-3.06493,bus,
55.941673,-3.013322,bus,
55.914897,-3.042318,bus,
55.938921,-3.061662,bus,
55.93797,-3.0625,bus,
55.940667,-3.072708,bus,
55.939535,-3.077848,bus,
55.943323,-3.067978,bus,
55.929926,-3.040624,bus,
55.934908,-3.043335,bus,
55.942075,-3.01354,bus,
55.914855,-3.041997,bus,
55.939141,-3.061107,bus,
55.937766,-3.062238,bus,
55.940628,-3.072067,bus,
55.939496,-3.077095,bus,
55.943,-3.067905,bus,
55.939076,-3.047658,bus,
55.929929,-3.040336,bus,
55.934839,-3.042981,bus,
55.93249,-3.073811,bus,
55.939802,-3.055314,bus,
55.935302,-3.017782,bus,
55.93865,-3.048175,bus,
56.034471,-2.833409,bus,
56.035171,-2.830937,bus,
56.036154,-2.827764,bus,
56.038455,-2.819564,bus,
56.037065,-2.82451,bus,
56.034348,-2.833038,bus,
56.033551,-2.835315,bus,
56.035791,-2.828238,bus,
56.037889,-2.8209,bus,
56.036849,-2.824585,bus,
56.02015,-2.839967,bus,
56.020304,-2.83981,bus,
55.958798,-2.968729,bus,
56.003806,-2.876093,bus,
56.006587,-2.869148,bus,
56.010721,-2.85872,bus,
56.008235,-2.864775,bus,
56.009331,-2.860934,bus,
55.968794,-2.96704,bus,
55.974827,-2.893914,bus,
55.970698,-2.901957,bus,
55.969092,-2.905397,bus,
55.975738,-2.890906,bus,
55.979226,-2.890698,bus,
55.981807,-2.892905,bus,
55.97216,-2.94192,bus,
55.969436,-2.963034,bus,
55.965738,-2.954436,bus,
55.966807,-2.949848,bus,
55.972168,-2.950268,bus,
55.967523,-2.947927,bus,
55.968762,-2.943311,bus,
55.970082,-2.939947,bus,
55.972263,-2.944919,bus,
55.971772,-2.952678,bus,
55.971312,-2.95523,bus,
55.97095,-2.956759,bus,
55.970078,-2.960263,bus,
55.962726,-2.938343,bus,
55.955701,-2.963798,bus,
55.957359,-2.968965,bus,
55.955245,-2.997372,bus,
55.957514,-2.991168,bus,
55.962749,-2.976997,bus,
55.963998,-2.97469,bus,
55.956574,-2.9602,bus,
55.952135,-2.989717,bus,
55.955791,-2.967164,bus,
55.959872,-2.984036,bus,
55.95866,-2.987273,bus,
55.956558,-2.99385,bus,
55.953189,-3.005967,bus,
55.949654,-3.014123,bus,
55.955682,-2.975361,bus,
55.953512,-2.986037,bus,
55.961227,-2.980883,bus,
55.954517,-2.980649,bus,
55.956635,-2.971862,bus,
56.003599,-2.876089,bus,
56.006253,-2.869317,bus,
56.010689,-2.85819,bus,
56.007552,-2.866043,bus,
56.009191,-2.86037,bus,
55.968615,-2.966891,bus,
55.969124,-2.96386,bus,
55.974457,-2.894129,bus,
55.970045,-2.902807,bus,
55.968447,-2.906263,bus,
55.975789,-2.89017,bus,
55.978565,-2.890202,bus,
55.964744,-2.923397,bus,
55.971991,-2.941772,bus,
55.969548,-2.961387,bus,
55.96541,-2.955085,bus,
55.966455,-2.950064,bus,
55.972009,-2.94988,bus,
55.967345,-2.947715,bus,
55.96851,-2.943433,bus,
55.970602,-2.94004,bus,
55.972079,-2.945443,bus,
55.971516,-2.953232,bus,
55.971058,-2.955512,bus,
55.970679,-2.956929,bus,
55.962575,-2.938099,bus,
55.972201,-2.931875,bus,
55.955291,-2.964541,bus,
55.957336,-2.968468,bus,
55.955139,-2.997129,bus,
55.962461,-2.977134,bus,
55.963864,-2.974702,bus,
55.956311,-2.96045,bus,
55.951994,-2.989426,bus,
55.955411,-2.967571,bus,
55.959311,-2.984567,bus,
55.958296,-2.987873,bus,
55.956129,-2.994736,bus,
55.952936,-3.006169,bus,
55.949771,-3.013069,bus,
55.955448,-2.975388,bus,
55.95304,-2.986666,bus,
55.961416,-2.979735,bus,
55.954439,-2.980199,bus,
55.957151,-2.991687,bus,
55.956252,-2.972605,bus,
55.954074,-2.999937,bus,
55.998056,-2.884894,bus,
55.986479,-2.896603,bus,
55.956146,-2.951653,bus,
55.998193,-2.884528,bus,
55.986679,-2.896303,bus,
55.95499,-2.951257,bus,
55.949368,-2.868074,bus,
55.950056,-2.863589,bus,
55.941419,-2.910018,bus,
55.944615,-2.899414,bus,
55.943428,-2.949836,bus,
55.951807,-2.852066,bus,
55.953668,-2.837501,bus,
55.94602,-2.895219,bus,
55.942251,-2.905715,bus,
55.949145,-2.878013,bus,
55.945185,-2.958445,bus,
55.947231,-2.955278,bus,
55.948761,-2.956116,bus,
55.950661,-2.955682,bus,
55.946382,-2.967346,bus,
55.94598,-2.963653,bus,
55.945523,-2.954211,bus,
55.937362,-2.961534,bus,
55.937119,-2.94997,bus,
55.941358,-2.94796,bus,
55.936299,-2.943243,bus,
55.935729,-2.94611,bus,
55.938015,-2.943332,bus,
55.936617,-2.941617,bus,
55.944688,-2.955311,bus,
55.939179,-2.945042,bus,
55.942715,-2.944343,bus,
55.942196,-2.94052,bus,
55.927726,-2.952717,bus,
55.927479,-2.938147,bus,
55.949407,-2.866345,bus,
55.941457,-2.908514,bus,
55.943456,-2.950814,bus,
55.951778,-2.851025,bus,
55.953462,-2.837385,bus,
55.942238,-2.90493,bus,
55.945245,-2.89685,bus,
55.948954,-2.878297,bus,
55.947308,-2.955824,bus,
55.948687,-2.956402,bus,
55.950727,-2.955284,bus,
55.946042,-2.96612,bus,
55.945568,-2.962394,bus,
55.945709,-2.954648,bus,
55.937184,-2.961241,bus,
55.936876,-2.952317,bus,
55.94173,-2.948594,bus,
55.936193,-2.943032,bus,
55.935605,-2.945947,bus,
55.937922,-2.94365,bus,
55.936605,-2.942065,bus,
55.944555,-2.955132,bus,
55.939131,-2.945441,bus,
55.942875,-2.946941,bus,
55.942425,-2.943568,bus,
55.927722,-2.952093,bus,
55.927243,-2.938397,bus,
55.941888,-2.939712,bus,
55.940241,-2.947069,bus,
55.911402,-2.891302,bus,
55.908068,-2.92061,bus,
55.909909,-2.90005,bus,
55.911763,-2.886015,bus,
55.909998,-2.896532,bus,
55.895487,-2.879119,bus,
55.911177,-2.891376,bus,
55.907938,-2.922447,bus,
55.90969,-2.900508,bus,
55.911741,-2.885422,bus,
55.911511,-2.881114,bus,
55.910849,-2.878251,bus,
55.909791,-2.896576,bus,
55.895667,-2.878979,bus,
55.902304,-2.843527,bus,
55.899982,-2.840086,bus,
55.909212,-2.894611,bus,
55.902323,-2.843384,bus,
55.900153,-2.840122,bus,
55.908705,-2.893895,bus,
55.890892,-2.892094,bus,
55.911003,-2.877999,bus,
55.89683,-2.863254,bus,
55.910719,-2.873689,bus,
55.897013,-2.862794,bus,
55.913008,-2.939845,bus,
55.913502,-2.936369,bus,
55.906707,-2.933182,bus,
55.912739,-2.94339,bus,
55.912821,-2.946736,bus,
55.910678,-2.946092,bus,
55.910473,-2.941256,bus,
55.906027,-2.937421,bus,
55.912812,-2.939728,bus,
55.913266,-2.936732,bus,
55.906538,-2.932938,bus,
55.912584,-2.94361,bus,
55.912716,-2.946349,bus,
55.910807,-2.945759,bus,
55.90991,-2.944329,bus,
55.910426,-2.941526,bus,
55.905997,-2.937868,bus,
55.92029,-2.935829,bus,
55.919952,-2.935389,bus,
55.97943,-2.803523,bus,
55.981694,-2.788217,bus,
55.985924,-2.765719,bus,
55.986423,-2.748787,bus,
56.048685,-2.771393,bus,
56.051752,-2.765016,bus,
56.047722,-2.77595,bus,
56.04428,-2.784501,bus,
56.041468,-2.79714,bus,
56.045855,-2.781306,bus,
55.986714,-2.74384,bus,
55.986936,-2.742754,bus,
56.041553,-2.788089,bus,
55.98687,-2.746199,bus,
56.008293,-2.76196,bus,
56.057166,-2.739207,bus,
56.058287,-2.730541,bus,
56.057472,-2.737607,bus,
56.052889,-2.705359,bus,
56.053478,-2.707714,bus,
56.05277,-2.710431,bus,
56.052157,-2.717083,bus,
56.056369,-2.743157,bus,
56.060324,-2.71709,bus,
56.052495,-2.712946,bus,
56.058747,-2.725571,bus,
56.055566,-2.724131,bus,
56.053987,-2.698748,bus,
56.057694,-2.72743,bus,
55.979296,-2.803392,bus,
55.98156,-2.788086,bus,
55.98579,-2.765572,bus,
55.986487,-2.750167,bus,
56.048396,-2.771516,bus,
56.05194,-2.763736,bus,
56.047608,-2.775482,bus,
56.044083,-2.784497,bus,
56.041307,-2.797024,bus,
56.045631,-2.781221,bus,
56.041336,-2.788277,bus,
55.986709,-2.7461,bus,
56.008104,-2.761988,bus,
56.056783,-2.74005,bus,
56.058114,-2.730842,bus,
56.057505,-2.736531,bus,
56.052655,-2.705435,bus,
56.055174,-2.71123,bus,
56.053417,-2.70744,bus,
56.052505,-2.711325,bus,
56.052067,-2.715507,bus,
56.051877,-2.718795,bus,
56.055986,-2.744146,bus,
56.055127,-2.720799,bus,
56.053623,-2.699689,bus,
56.053106,-2.703661,bus,
56.057602,-2.729388,bus,
56.058182,-2.726958,bus,
55.975967,-2.806897,bus,
56.024071,-2.648776,bus,
56.03845,-2.725575,bus,
56.002829,-2.732588,bus,
56.026606,-2.783163,bus,
56.052706,-2.713801,bus,
56.054818,-2.715253,bus,
56.053022,-2.719748,bus,
56.054749,-2.719475,bus,
55.976067,-2.80669,bus,
56.024153,-2.648553,bus,
56.031552,-2.73578,bus,
56.002909,-2.732638,bus,
56.026689,-2.782876,bus,
56.052699,-2.71348,bus,
56.054874,-2.714997,bus,
56.053565,-2.719148,bus,
56.054678,-2.719185,bus,
56.052343,-2.72065,bus,
56.054366,-2.659385,bus,
56.005938,-2.786481,bus,
56.054224,-2.659045,bus,
56.054492,-2.695225,bus,
56.058302,-2.721869,bus,
56.005939,-2.786225,bus,
55.988176,-2.657312,bus,
55.985428,-2.655406,bus,
55.985411,-2.648401,bus,
55.987965,-2.625298,bus,
55.984725,-2.659128,bus,
55.988103,-2.657647,bus,
55.985158,-2.655513,bus,
55.98511,-2.649262,bus,
55.987832,-2.625008,bus,
55.984544,-2.659349,bus,
55.984334,-2.661814,bus,
56.00297,-2.627176,bus,
55.984136,-2.661715,bus,
56.00304,-2.627482,bus,
55.95581,-2.777985,bus,
55.953675,-2.80544,bus,
55.957533,-2.775553,bus,
55.954032,-2.809931,bus,
55.954537,-2.795849,bus,
55.955561,-2.784739,bus,
55.955694,-2.78929,bus,
55.953979,-2.800257,bus,
55.961319,-2.773595,bus,
55.967211,-2.753703,bus,
55.959422,-2.776568,bus,
55.955575,-2.781039,bus,
55.905532,-2.797228,bus,
55.953802,-2.790036,bus,
55.931315,-2.788218,bus,
55.9695,-2.740722,bus,
55.972308,-2.724689,bus,
55.975076,-2.707644,bus,
55.903334,-2.746577,bus,
55.978614,-2.692164,bus,
55.955286,-2.776998,bus,
55.953551,-2.805229,bus,
55.957795,-2.77527,bus,
55.953877,-2.810313,bus,
55.95525,-2.782682,bus,
55.954703,-2.793802,bus,
55.955406,-2.78504,bus,
55.955271,-2.790675,bus,
55.953822,-2.799421,bus,
55.961021,-2.773781,bus,
55.967067,-2.753588,bus,
55.959675,-2.776333,bus,
55.905407,-2.797193,bus,
55.953788,-2.789475,bus,
55.969374,-2.740768,bus,
55.972206,-2.723774,bus,
55.974944,-2.707225,bus,
55.903217,-2.746623,bus,
55.964233,-2.794286,bus,
55.964324,-2.794063,bus,
55.953345,-2.774236,bus,
55.953894,-2.824054,bus,
55.995115,-2.719617,bus,
55.954046,-2.824073,bus,
55.920228,-2.790953,bus,
55.989678,-2.595223,bus,
55.994789,-2.55891,bus,
55.990771,-2.575042,bus,
55.994909,-2.55439,bus,
55.995078,-2.550577,bus,
55.996211,-2.544405,bus,
55.997444,-2.541985,bus,
55.998767,-2.539326,bus,
56.000983,-2.514889,bus,
56.000004,-2.512535,bus,
55.997943,-2.506848,bus,
55.999124,-2.510279,bus,
55.997329,-2.507754,bus,
56.00127,-2.527672,bus,
55.996087,-2.506054,bus,
56.001524,-2.520781,bus,
55.989498,-2.595188,bus,
55.994656,-2.558699,bus,
55.990646,-2.574751,bus,
55.994746,-2.554644,bus,
55.994928,-2.550126,bus,
55.995869,-2.544448,bus,
55.997466,-2.540943,bus,
55.999555,-2.535842,bus,
56.001,-2.51521,bus,
55.997978,-2.507234,bus,
55.999256,-2.51113,bus,
55.997462,-2.508189,bus,
56.001053,-2.528118,bus,
55.996608,-2.503801,bus,
56.001335,-2.520826,bus,
56.001236,-2.525106,bus,
55.999902,-2.513448,bus,
55.9896,-2.512558,bus,
55.995263,-2.509683,bus,
55.989493,-2.512364,bus,
55.995543,-2.509462,bus,
55.989412,-2.514511,bus,
55.989548,-2.514304,bus,
55.965598,-2.919733,bus,
55.890884,-2.891934,bus,
56.000616,-2.531479,bus,
56.000326,-2.532149,bus,
55.95329,-2.774411,bus,
55.950371,-2.993452,bus,
55.950567,-2.993601,bus,
55.98188,-2.892666,bus,
55.992718,-2.830715,bus,
55.99263,-2.830505,bus,
56.027217,-2.797279,bus,
56.02737,-2.79725,bus,
56.026463,-2.802719,bus,
56.026643,-2.802643,bus,
56.026818,-2.807444,bus,
56.026901,-2.807205,bus,
56.036645,-2.818819,bus,
56.036406,-2.818269,bus,
56.057044,-2.727964,bus,
56.054673,-2.694987,bus,
56.055687,-2.690397,bus,
56.055471,-2.690586,bus,
56.056449,-2.685899,bus,
56.056241,-2.686248,bus,
56.057261,-2.678816,bus,
56.057088,-2.679214,bus,
56.056689,-2.66506,bus,
56.056544,-2.665315,bus,
56.056419,-2.660223,bus,
56.056044,-2.659783,bus,
56.049471,-2.655609,bus,
56.049328,-2.655542,bus,
56.050099,-2.652376,bus,
56.049901,-2.652517,bus,
56.042869,-2.645031,bus,
56.043182,-2.645373,bus,
56.037547,-2.640529,bus,
56.03742,-2.640687,bus,
56.035617,-2.638346,bus,
56.035302,-2.63855,bus,
56.031454,-2.640604,bus,
56.031471,-2.640925,bus,
56.019735,-2.635982,bus,
56.019413,-2.635785,bus,
56.012008,-2.630803,bus,
56.012293,-2.631273,bus,
56.007906,-2.628186,bus,
56.008164,-2.628624,bus,
55.996681,-2.641007,bus,
55.997024,-2.640676,bus,
55.994701,-2.644982,bus,
55.994919,-2.644681,bus,
55.992605,-2.652369,bus,
55.992939,-2.652166,bus,
55.990323,-2.655777,bus,
55.990104,-2.656318,bus,
55.922896,-2.864489,bus,
55.923062,-2.863933,bus,
55.931015,-2.848233,bus,
55.930863,-2.848149,bus,
55.93556,-2.835318,bus,
55.93538,-2.835298,bus,
55.938314,-2.828029,bus,
55.938381,-2.827406,bus,
55.943964,-2.812043,bus,
55.943858,-2.8118,bus,
55.945621,-2.807418,bus,
55.945478,-2.807303,bus,
55.948479,-2.800432,bus,
55.946664,-2.804558,bus,
55.950455,-2.796373,bus,
55.949621,-2.797413,bus,
55.911048,-2.794589,bus,
55.942141,-2.786933,bus,
55.95476,-2.784947,bus,
55.89842,-2.882288,bus,
55.898507,-2.882738,bus,
55.898541,-2.872887,bus,
55.898436,-2.872549,bus,
55.904291,-2.85755,bus,
55.904176,-2.857355,bus,
55.904127,-2.823814,bus,
55.903965,-2.823842,bus,
55.902409,-2.774213,bus,
55.902176,-2.774112,bus,
55.901047,-2.75042,bus,
55.901094,-2.749973,bus,
55.907062,-2.746697,bus,
55.906938,-2.746423,bus,
55.913654,-2.747208,bus,
55.913485,-2.746916,bus,
55.918178,-2.743583,bus,
55.918053,-2.74342,bus,
55.930016,-2.747251,bus,
55.930071,-2.746979,bus,
55.936013,-2.751064,bus,
55.936041,-2.750824,bus,
55.940183,-2.766882,bus,
55.940015,-2.766478,bus,
55.945327,-2.770522,bus,
55.945212,-2.770151,bus,
55.948709,-2.772815,bus,
55.948746,-2.772543,bus,
56.014289,-2.849544,bus,
56.001424,-2.525285,bus,
55.989704,-2.526328,bus,
56.05497,-2.750147,bus,
56.054745,-2.750336,bus,
55.947472,-2.999702,bus,
55.948134,-2.997846,bus,
55.933913,-3.018417,bus,
55.999471,-2.809743,bus,
55.999384,-2.809196,bus,
55.989541,-2.526502,bus,
55.989244,-2.520375,bus,
55.989103,-2.521848,bus,
55.989337,-2.598792,bus,
55.989498,-2.598826,bus,
55.942682,-3.050509,bus,
55.942456,-3.050695,bus,
55.997574,-2.509296,bus,
55.998123,-2.509095,bus,
55.932266,-3.019751,bus,
55.932125,-3.019459,bus,
55.905488,-2.891438,bus,
55.905526,-2.891231,bus,
55.955293,-2.777462,bus,
55.958974,-2.948439,bus,
55.958721,-2.948625,bus,
55.992299,-2.530836,bus,
55.933438,-2.940212,bus,
55.933372,-2.94061,bus,
55.991544,-2.530874,bus,
56.052039,-2.71883,bus,
56.031597,-2.735861,bus,
55.90903,-2.908443,bus,
55.909194,-2.908143,bus,
55.941369,-3.004348,bus,
55.939604,-3.00267,bus,
55.937364,-3.002932,bus,
55.936755,-3.002692,bus,
55.934434,-3.005209,bus,
55.934007,-3.005854,bus,
55.932597,-3.009019,bus,
55.932448,-3.009688,bus,
55.931582,-3.013394,bus,
55.931548,-3.01421,bus,
55.931165,-3.017145,bus,
55.931367,-3.017614,bus,
55.927064,-3.038019,bus,
55.927102,-3.037812,bus,
55.990055,-2.587743,bus,
55.989853,-2.588605,bus,
55.991289,-2.83341,bus,
55.991165,-2.833263,bus,
55.931543,-3.077258,bus,
55.931622,-3.0775,bus,
55.932822,-3.07278,bus,
55.932775,-3.072986,bus,
55.958676,-2.799153,bus,
55.958548,-2.799423,bus,
55.952282,-2.794425,bus,
55.952166,-2.794359,bus,
56.051718,-2.727639,bus,
56.051611,-2.72754,bus,
56.049366,-2.727209,bus,
56.049894,-2.727621,bus,
55.993241,-2.531025,bus,
56.053375,-2.720862,bus,
55.993651,-2.734707,bus,
55.994029,-2.734714,bus,
55.948699,-2.799652,bus,
55.910767,-2.874618,bus,
55.957824,-2.954289,bus,
55.957681,-2.954157,bus,
55.865596,-3.172872,bus,
55.902796,-3.096902,bus,
55.902704,-3.096083,bus,
55.896801,-3.048661,bus,
55.896641,-3.048433,bus,
55.857855,-3.182784,bus,
55.891634,-3.060242,bus,
55.913346,-3.116798,bus,
55.910515,-3.10987,bus,
55.905253,-3.099466,bus,
55.911316,-3.087607,bus,
55.911367,-3.091976,bus,
55.896901,-3.080711,bus,
55.897671,-3.087194,bus,
55.895257,-3.073486,bus,
55.893006,-3.087351,bus,
55.889309,-3.08162,bus,
55.895789,-3.072221,bus,
55.89274,-3.07057,bus,
55.895274,-3.068465,bus,
55.896595,-3.067366,bus,
55.897447,-3.062352,bus,
55.897034,-3.056119,bus,
55.896817,-3.053107,bus,
55.899799,-3.044743,bus,
55.895058,-3.068443,bus,
55.896809,-3.056129,bus,
55.89255,-3.061354,bus,
55.893429,-3.060451,bus,
55.894216,-3.058777,bus,
55.894751,-3.057225,bus,
55.894781,-3.055786,bus,
55.893667,-3.055788,bus,
55.89268,-3.056657,bus,
55.892001,-3.05416,bus,
55.89133,-3.051663,bus,
55.891262,-3.050174,bus,
55.890034,-3.047647,bus,
55.889445,-3.048239,bus,
55.88928,-3.046603,bus,
55.890757,-3.04506,bus,
55.892385,-3.043857,bus,
55.893134,-3.045556,bus,
55.892691,-3.049078,bus,
55.893352,-3.05159,bus,
55.894407,-3.053362,bus,
55.896147,-3.052577,bus,
55.890789,-3.057101,bus,
55.889937,-3.053784,bus,
55.889043,-3.050146,bus,
55.900317,-3.043078,bus,
55.899593,-3.044642,bus,
55.895292,-3.047533,bus,
55.891195,-3.043265,bus,
55.885809,-3.050043,bus,
55.881892,-3.048914,bus,
55.880454,-3.047884,bus,
55.878293,-3.046244,bus,
55.876901,-3.044096,bus,
55.874814,-3.041195,bus,
55.872816,-3.039496,bus,
55.870279,-3.037702,bus,
55.872008,-3.03826,bus,
55.873131,-3.035093,bus,
55.873549,-3.030342,bus,
55.871991,-3.028574,bus,
55.870665,-3.029178,bus,
55.869068,-3.034202,bus,
55.866284,-3.040424,bus,
55.871698,-3.042087,bus,
55.870313,-3.047483,bus,
55.868857,-3.048515,bus,
55.870117,-3.053615,bus,
55.871003,-3.060223,bus,
55.869948,-3.063854,bus,
55.891758,-3.073917,bus,
55.890317,-3.077426,bus,
55.888713,-3.080004,bus,
55.895078,-3.092846,bus,
55.896683,-3.09924,bus,
55.875653,-3.081432,bus,
55.871177,-3.07338,bus,
55.86997,-3.069623,bus,
55.869405,-3.068409,bus,
55.867655,-3.067163,bus,
55.866224,-3.066405,bus,
55.865112,-3.066086,bus,
55.861321,-3.06496,bus,
55.860131,-3.062275,bus,
55.857658,-3.056233,bus,
55.855709,-3.055126,bus,
55.854129,-3.053869,bus,
55.852434,-3.053519,bus,
55.850547,-3.054602,bus,
55.848925,-3.055118,bus,
55.848223,-3.054252,bus,
55.883494,-3.15693,bus,
55.881975,-3.154055,bus,
55.880407,-3.151723,bus,
55.879538,-3.150466,bus,
55.877879,-3.147204,bus,
55.877791,-3.145124,bus,
55.877969,-3.142396,bus,
55.881282,-3.128042,bus,
55.887764,-3.127687,bus,
55.88344,-3.122973,bus,
55.883611,-3.115033,bus,
55.883951,-3.112229,bus,
55.881008,-3.11077,bus,
55.878581,-3.107887,bus,
55.876371,-3.106833,bus,
55.887538,-3.08173,bus,
55.885063,-3.08529,bus,
55.883206,-3.087972,bus,
55.882557,-3.08522,bus,
55.880433,-3.089653,bus,
55.880741,-3.092347,bus,
55.879726,-3.095404,bus,
55.877556,-3.100937,bus,
55.875716,-3.103682,bus,
55.874519,-3.104943,bus,
55.873192,-3.101613,bus,
55.872254,-3.098997,bus,
55.870749,-3.095391,bus,
55.869674,-3.093059,bus,
55.856926,-3.065159,bus,
55.856147,-3.063812,bus,
55.854074,-3.061359,bus,
55.852117,-3.059038,bus,
55.850953,-3.057552,bus,
55.845386,-3.050757,bus,
55.844982,-3.047616,bus,
55.845985,-3.045886,bus,
55.844767,-3.047547,bus,
55.843857,-3.048896,bus,
55.8421,-3.047267,bus,
55.838936,-3.0464,bus,
55.837466,-3.044939,bus,
55.868816,-3.11659,bus,
55.870194,-3.119139,bus,
55.873998,-3.106878,bus,
55.872066,-3.109891,bus,
55.869013,-3.114614,bus,
55.871949,-3.12376,bus,
55.869401,-3.128241,bus,
55.865171,-3.13288,bus,
55.885413,-3.159257,bus,
55.855551,-3.132504,bus,
55.853292,-3.134898,bus,
55.850807,-3.136455,bus,
55.877329,-3.150321,bus,
55.876724,-3.154443,bus,
55.876004,-3.159345,bus,
55.875752,-3.161335,bus,
55.875077,-3.165231,bus,
55.874741,-3.168417,bus,
55.874358,-3.173792,bus,
55.875166,-3.1738,bus,
55.879712,-3.170085,bus,
55.878689,-3.170965,bus,
55.871219,-3.176925,bus,
55.869834,-3.178002,bus,
55.867299,-3.179923,bus,
55.869026,-3.177834,bus,
55.865752,-3.17259,bus,
55.861104,-3.169046,bus,
55.859648,-3.168156,bus,
55.857993,-3.165438,bus,
55.857046,-3.16394,bus,
55.855739,-3.167208,bus,
55.856116,-3.174807,bus,
55.856823,-3.177896,bus,
55.857677,-3.182635,bus,
55.868747,-3.191025,bus,
55.868762,-3.189428,bus,
55.868055,-3.194728,bus,
55.86545,-3.200145,bus,
55.862618,-3.203109,bus,
55.879399,-3.192455,bus,
55.892209,-3.201067,bus,
55.887311,-3.197542,bus,
55.892716,-3.201594,bus,
55.858533,-3.186112,bus,
55.859378,-3.197129,bus,
55.858104,-3.192361,bus,
55.857811,-3.18831,bus,
55.852613,-3.190564,bus,
55.84968,-3.199243,bus,
55.846133,-3.203638,bus,
55.84312,-3.207585,bus,
55.840385,-3.213441,bus,
55.838596,-3.217154,bus,
55.83564,-3.211664,bus,
55.833772,-3.2106,bus,
55.831864,-3.210924,bus,
55.837842,-3.230623,bus,
55.836506,-3.234796,bus,
55.833679,-3.23806,bus,
55.832863,-3.240508,bus,
55.831397,-3.244198,bus,
55.832911,-3.241148,bus,
55.830124,-3.245753,bus,
55.829167,-3.240774,bus,
55.828878,-3.237444,bus,
55.828971,-3.231684,bus,
55.835544,-3.220427,bus,
55.833377,-3.222435,bus,
55.831224,-3.223852,bus,
55.829273,-3.223073,bus,
55.827956,-3.221738,bus,
55.82789,-3.221177,bus,
55.830301,-3.211802,bus,
55.827508,-3.21893,bus,
55.826161,-3.221538,bus,
55.826358,-3.225264,bus,
55.82661,-3.225176,bus,
55.827343,-3.22646,bus,
55.866268,-3.09413,bus,
55.866044,-3.098023,bus,
55.865538,-3.101428,bus,
55.863264,-3.100517,bus,
55.887411,-3.163698,bus,
55.887549,-3.161431,bus,
55.884196,-3.166271,bus,
55.885943,-3.163974,bus,
55.885618,-3.162285,bus,
55.901137,-3.094536,bus,
55.836211,-3.050861,bus,
55.835871,-3.050676,bus,
55.865311,-3.103722,bus,
55.8659,-3.108149,bus,
55.868933,-3.104592,bus,
55.865002,-3.106047,bus,
55.866528,-3.109206,bus,
55.827916,-3.226718,bus,
55.826293,-3.221798,bus,
55.827861,-3.218702,bus,
55.829172,-3.215167,bus,
55.829004,-3.214874,bus,
55.830582,-3.212497,bus,
55.827725,-3.221459,bus,
55.828742,-3.22312,bus,
55.830234,-3.223965,bus,
55.831247,-3.22422,bus,
55.833916,-3.222372,bus,
55.828726,-3.231931,bus,
55.828688,-3.237486,bus,
55.829158,-3.239895,bus,
55.828327,-3.243924,bus,
55.830237,-3.246092,bus,
55.833802,-3.238319,bus,
55.836383,-3.235463,bus,
55.837962,-3.231234,bus,
55.838028,-3.226381,bus,
55.836537,-3.219995,bus,
55.831942,-3.211246,bus,
55.833384,-3.209886,bus,
55.835206,-3.208298,bus,
55.836664,-3.208024,bus,
55.837116,-3.210449,bus,
55.83782,-3.212882,bus,
55.836691,-3.215322,bus,
55.83619,-3.21513,bus,
55.839343,-3.216139,bus,
55.841175,-3.212539,bus,
55.842844,-3.209126,bus,
55.846102,-3.204084,bus,
55.849756,-3.199805,bus,
55.851736,-3.192933,bus,
55.85835,-3.186442,bus,
55.85766,-3.189903,bus,
55.857821,-3.191857,bus,
55.86257,-3.203411,bus,
55.859357,-3.197512,bus,
55.865936,-3.200128,bus,
55.869399,-3.190454,bus,
55.868401,-3.194243,bus,
55.878075,-3.192782,bus,
55.887022,-3.197613,bus,
55.888,-3.210626,bus,
55.856978,-3.177757,bus,
55.855993,-3.167024,bus,
55.856167,-3.174186,bus,
55.856953,-3.164241,bus,
55.858431,-3.166697,bus,
55.859254,-3.167968,bus,
55.861923,-3.16987,bus,
55.868535,-3.1775,bus,
55.86391,-3.182952,bus,
55.866218,-3.181217,bus,
55.868843,-3.179123,bus,
55.870183,-3.178093,bus,
55.871659,-3.176955,bus,
55.876213,-3.173368,bus,
55.87911,-3.171042,bus,
55.874547,-3.173702,bus,
55.874953,-3.168791,bus,
55.875503,-3.163933,bus,
55.876327,-3.158459,bus,
55.876836,-3.154926,bus,
55.877738,-3.148863,bus,
55.847689,-3.139319,bus,
55.855783,-3.132671,bus,
55.853154,-3.135214,bus,
55.85112,-3.136576,bus,
55.865413,-3.133015,bus,
55.868532,-3.128935,bus,
55.870024,-3.127939,bus,
55.872187,-3.122376,bus,
55.870145,-3.11861,bus,
55.868945,-3.115156,bus,
55.870403,-3.112928,bus,
55.864656,-3.122415,bus,
55.867286,-3.117777,bus,
55.872327,-3.109867,bus,
55.87383,-3.107592,bus,
55.871688,-3.124807,bus,
55.875599,-3.106731,bus,
55.877021,-3.107475,bus,
55.878086,-3.107953,bus,
55.880196,-3.110139,bus,
55.883772,-3.112112,bus,
55.883456,-3.115316,bus,
55.883231,-3.123191,bus,
55.886556,-3.128035,bus,
55.881059,-3.128851,bus,
55.877745,-3.142261,bus,
55.877532,-3.145883,bus,
55.879108,-3.150326,bus,
55.881449,-3.153608,bus,
55.882519,-3.155526,bus,
55.883374,-3.157214,bus,
55.885826,-3.160181,bus,
55.885382,-3.162518,bus,
55.885951,-3.164134,bus,
55.869396,-3.093019,bus,
55.870489,-3.095351,bus,
55.871695,-3.098182,bus,
55.872827,-3.101219,bus,
55.874179,-3.104805,bus,
55.875292,-3.104901,bus,
55.876513,-3.102953,bus,
55.877743,-3.101134,bus,
55.879524,-3.096869,bus,
55.880929,-3.09248,bus,
55.883739,-3.087715,bus,
55.885413,-3.085268,bus,
55.886724,-3.083402,bus,
55.834934,-3.046771,bus,
55.837106,-3.044993,bus,
55.838496,-3.046404,bus,
55.842017,-3.047521,bus,
55.843551,-3.048871,bus,
55.847633,-3.053917,bus,
55.844787,-3.050422,bus,
55.850149,-3.057035,bus,
55.848726,-3.055256,bus,
55.851935,-3.059288,bus,
55.853705,-3.061397,bus,
55.85607,-3.064369,bus,
55.85694,-3.065511,bus,
55.851635,-3.054504,bus,
55.850517,-3.054937,bus,
55.853412,-3.053754,bus,
55.855964,-3.055788,bus,
55.858023,-3.056674,bus,
55.860202,-3.063428,bus,
55.862017,-3.065538,bus,
55.865199,-3.06644,bus,
55.866739,-3.067058,bus,
55.869061,-3.068672,bus,
55.869799,-3.069619,bus,
55.870909,-3.073213,bus,
55.87532,-3.081454,bus,
55.892673,-3.073094,bus,
55.889646,-3.079087,bus,
55.870441,-3.062972,bus,
55.871283,-3.060071,bus,
55.871872,-3.056411,bus,
55.870014,-3.053021,bus,
55.868782,-3.048976,bus,
55.870698,-3.047669,bus,
55.872682,-3.047867,bus,
55.871901,-3.042508,bus,
55.87347,-3.031091,bus,
55.872744,-3.035243,bus,
55.870761,-3.029485,bus,
55.867554,-3.037981,bus,
55.870648,-3.038687,bus,
55.871987,-3.039729,bus,
55.873618,-3.04022,bus,
55.875067,-3.042065,bus,
55.877049,-3.044676,bus,
55.878558,-3.046826,bus,
55.880807,-3.048581,bus,
55.882211,-3.049434,bus,
55.869054,-3.03377,bus,
55.867991,-3.034141,bus,
55.866006,-3.037237,bus,
55.885483,-3.050338,bus,
55.891072,-3.043965,bus,
55.895225,-3.047947,bus,
55.889149,-3.05138,bus,
55.890018,-3.054826,bus,
55.890568,-3.056743,bus,
55.891557,-3.060767,bus,
55.893547,-3.069649,bus,
55.897923,-3.054017,bus,
55.897583,-3.053895,bus,
55.897432,-3.063119,bus,
55.894004,-3.070828,bus,
55.893674,-3.07261,bus,
55.895477,-3.071988,bus,
55.896489,-3.067139,bus,
55.888968,-3.081626,bus,
55.895027,-3.093532,bus,
55.896647,-3.10031,bus,
55.896842,-3.081253,bus,
55.897151,-3.086028,bus,
55.905454,-3.099088,bus,
55.911574,-3.091918,bus,
55.910414,-3.110075,bus,
55.911163,-3.087571,bus,
55.913214,-3.117466,bus,
55.862347,-3.100523,bus,
55.864002,-3.102343,bus,
55.86605,-3.100404,bus,
55.866316,-3.095745,bus,
55.887856,-3.162208,bus,
55.884743,-3.166416,bus,
55.887451,-3.164227,bus,
55.90868,-3.099035,bus,
55.908467,-3.098789,bus,
55.848419,-3.060742,bus,
55.848327,-3.060915,bus,
55.864267,-3.18226,bus,
55.831063,-3.69875,bus,
55.899206,-3.69026,bus,
55.898999,-3.691642,bus,
55.899068,-3.693772,bus,
55.89927,-3.68564,bus,
55.899524,-3.683444,bus,
55.898904,-3.694597,bus,
55.887684,-3.695659,bus,
55.885926,-3.690178,bus,
55.885649,-3.690038,bus,
55.887928,-3.69228,bus,
55.898851,-3.698481,bus,
55.898652,-3.699208,bus,
55.898337,-3.703753,bus,
55.889685,-3.700415,bus,
55.889859,-3.700183,bus,
55.891935,-3.700818,bus,
55.892323,-3.701378,bus,
55.894982,-3.700727,bus,
55.895529,-3.700831,bus,
55.898117,-3.700225,bus,
55.898346,-3.699899,bus,
55.899617,-3.699634,bus,
55.900683,-3.698561,bus,
55.90209,-3.697551,bus,
55.903911,-3.697775,bus,
55.903317,-3.701092,bus,
55.903267,-3.70664,bus,
55.901669,-3.710409,bus,
55.899745,-3.707909,bus,
55.892443,-3.697178,bus,
55.892282,-3.697139,bus,
55.893977,-3.688881,bus,
55.893927,-3.689918,bus,
55.89482,-3.685767,bus,
55.894632,-3.685727,bus,
55.895243,-3.683754,bus,
55.895055,-3.683714,bus,
55.896527,-3.673942,bus,
55.897101,-3.67072,bus,
55.893182,-3.693772,bus,
55.892947,-3.693874,bus,
55.841233,-3.603163,bus,
55.839519,-3.613313,bus,
55.839773,-3.613164,bus,
55.842235,-3.615901,bus,
55.842415,-3.615845,bus,
55.843099,-3.617135,bus,
55.84336,-3.617114,bus,
55.844735,-3.617139,bus,
55.846434,-3.610948,bus,
55.846814,-3.610692,bus,
55.844553,-3.617291,bus,
55.840975,-3.603025,bus,
55.897825,-3.604105,bus,
55.897606,-3.605088,bus,
55.897735,-3.606213,bus,
55.897144,-3.610171,bus,
55.896917,-3.610321,bus,
55.896116,-3.616605,bus,
55.896338,-3.617478,bus,
55.89543,-3.622318,bus,
55.895129,-3.622657,bus,
55.895502,-3.628398,bus,
55.895347,-3.628616,bus,
55.896685,-3.632734,bus,
55.896704,-3.633311,bus,
55.897965,-3.635811,bus,
55.898219,-3.637021,bus,
55.899054,-3.6384,bus,
55.899929,-3.640148,bus,
55.900237,-3.640625,bus,
55.900232,-3.641056,bus,
55.901377,-3.6428,bus,
55.901592,-3.644185,bus,
55.901638,-3.647466,bus,
55.901733,-3.649773,bus,
55.901496,-3.650003,bus,
55.9012,-3.653973,bus,
55.901066,-3.653264,bus,
55.900603,-3.66025,bus,
55.900062,-3.66237,bus,
55.891168,-3.621165,bus,
55.890778,-3.620717,bus,
55.886038,-3.623061,bus,
55.885814,-3.623692,bus,
55.882265,-3.625062,bus,
55.88107,-3.625012,bus,
55.900821,-3.64604,bus,
55.900628,-3.646335,bus,
55.897015,-3.647062,bus,
55.897092,-3.646713,bus,
55.895128,-3.649749,bus,
55.89485,-3.650361,bus,
55.893666,-3.652229,bus,
55.8935,-3.651887,bus,
55.900191,-3.657513,bus,
55.899929,-3.657614,bus,
55.89801,-3.663306,bus,
55.898277,-3.662822,bus,
55.899592,-3.64586,bus,
55.898835,-3.660078,bus,
55.898655,-3.660135,bus,
55.887679,-3.632852,bus,
55.890029,-3.623676,bus,
55.890151,-3.624001,bus,
55.888782,-3.626214,bus,
55.888594,-3.626174,bus,
55.897865,-3.644699,bus,
55.887848,-3.637751,bus,
55.887968,-3.632096,bus,
55.890511,-3.648961,bus,
55.890697,-3.648489,bus,
55.890113,-3.646466,bus,
55.889826,-3.646374,bus,
55.897507,-3.665971,bus,
55.897746,-3.665534,bus,
55.88765,-3.637759,bus,
55.888524,-3.643009,bus,
55.888586,-3.643715,bus,
55.918041,-3.548182,bus,
55.917472,-3.549087,bus,
55.915399,-3.556749,bus,
55.914715,-3.55821,bus,
55.913516,-3.563473,bus,
55.913377,-3.563148,bus,
55.877784,-3.624779,bus,
55.877333,-3.624968,bus,
55.876423,-3.624402,bus,
55.870281,-3.641679,bus,
55.870138,-3.641673,bus,
55.875632,-3.624465,bus,
55.874311,-3.623771,bus,
55.873259,-3.623823,bus,
55.87227,-3.623158,bus,
55.871197,-3.624168,bus,
55.871147,-3.631278,bus,
55.870869,-3.632625,bus,
55.871019,-3.622674,bus,
55.871196,-3.618047,bus,
55.873302,-3.613036,bus,
55.873038,-3.612609,bus,
55.874686,-3.615059,bus,
55.874612,-3.614545,bus,
55.874638,-3.618014,bus,
55.874502,-3.61812,bus,
55.874146,-3.622661,bus,
55.874113,-3.621733,bus,
55.872107,-3.609598,bus,
55.87233,-3.609064,bus,
55.872597,-3.606469,bus,
55.872535,-3.6057,bus,
55.870906,-3.63389,bus,
55.87106,-3.626336,bus,
55.874721,-3.60002,bus,
55.874907,-3.598876,bus,
55.871771,-3.612573,bus,
55.841526,-3.649681,bus,
55.841965,-3.649764,bus,
55.844009,-3.644117,bus,
55.844365,-3.642375,bus,
55.844949,-3.640323,bus,
55.844952,-3.639445,bus,
55.844349,-3.643572,bus,
55.936709,-3.438142,bus,
55.934593,-3.451543,bus,
55.934338,-3.45331,bus,
55.934554,-3.454823,bus,
55.934328,-3.457232,bus,
55.934276,-3.461648,bus,
55.934382,-3.463269,bus,
55.934243,-3.464368,bus,
55.934405,-3.467384,bus,
55.934214,-3.468337,bus,
55.934306,-3.471126,bus,
55.933987,-3.473067,bus,
55.933968,-3.476156,bus,
55.933727,-3.476755,bus,
55.933576,-3.480367,bus,
55.93333,-3.480662,bus,
55.932707,-3.486833,bus,
55.932832,-3.487622,bus,
55.932542,-3.488571,bus,
55.932241,-3.493442,bus,
55.931922,-3.494518,bus,
55.931727,-3.496528,bus,
55.931924,-3.496567,bus,
55.935301,-3.469899,bus,
55.935027,-3.469473,bus,
55.937473,-3.470061,bus,
55.937658,-3.470405,bus,
55.940566,-3.470691,bus,
55.940759,-3.471067,bus,
55.942192,-3.471425,bus,
55.942449,-3.471723,bus,
55.935685,-3.44193,bus,
55.88547,-3.567765,bus,
55.885531,-3.568631,bus,
55.903705,-3.445702,bus,
55.903313,-3.446183,bus,
55.899756,-3.450657,bus,
55.899904,-3.450311,bus,
55.901802,-3.440929,bus,
55.901433,-3.441731,bus,
55.902118,-3.43547,bus,
55.90197,-3.435784,bus,
55.921871,-3.534348,bus,
55.922096,-3.534357,bus,
55.92138,-3.537001,bus,
55.920616,-3.539147,bus,
55.920272,-3.541502,bus,
55.919945,-3.541841,bus,
55.897075,-3.457738,bus,
55.89682,-3.458096,bus,
55.895926,-3.462189,bus,
55.895811,-3.462792,bus,
55.894587,-3.465273,bus,
55.894157,-3.465864,bus,
55.893731,-3.4662,bus,
55.893718,-3.465783,bus,
55.891676,-3.46366,bus,
55.892053,-3.463706,bus,
55.890186,-3.462021,bus,
55.890014,-3.461422,bus,
55.889639,-3.458882,bus,
55.889603,-3.458161,bus,
55.900257,-3.430091,bus,
55.890264,-3.455452,bus,
55.890426,-3.45541,bus,
55.900851,-3.421508,bus,
55.900654,-3.421437,bus,
55.897819,-3.453336,bus,
55.897633,-3.453153,bus,
55.900718,-3.43142,bus,
55.869794,-3.651935,bus,
55.869652,-3.65244,bus,
55.869275,-3.65578,bus,
55.869421,-3.656282,bus,
55.868942,-3.660465,bus,
55.868818,-3.6603,bus,
55.833868,-3.69999,bus,
55.833466,-3.699813,bus,
55.831819,-3.70188,bus,
55.829503,-3.704366,bus,
55.83048,-3.703211,bus,
55.829661,-3.70458,bus,
55.828399,-3.70031,bus,
55.828708,-3.698136,bus,
55.829055,-3.694463,bus,
55.829332,-3.693933,bus,
55.830252,-3.691083,bus,
55.829936,-3.691197,bus,
55.83471,-3.677911,bus,
55.834476,-3.677917,bus,
55.828514,-3.705648,bus,
55.829314,-3.697221,bus,
55.923925,-3.527467,bus,
55.924244,-3.525639,bus,
55.889422,-3.414359,bus,
55.889252,-3.414336,bus,
55.887872,-3.4179,bus,
55.887793,-3.417769,bus,
55.887519,-3.419646,bus,
55.887414,-3.419466,bus,
55.887683,-3.422578,bus,
55.887624,-3.422991,bus,
55.888301,-3.427429,bus,
55.88803,-3.425996,bus,
55.888672,-3.433359,bus,
55.888363,-3.431365,bus,
55.890414,-3.411692,bus,
55.888605,-3.526415,bus,
55.888062,-3.526026,bus,
55.883049,-3.528051,bus,
55.882378,-3.527833,bus,
55.880315,-3.528216,bus,
55.880743,-3.528504,bus,
55.885215,-3.526554,bus,
55.886351,-3.52631,bus,
55.899783,-3.503087,bus,
55.899406,-3.503824,bus,
55.897253,-3.503452,bus,
55.896804,-3.502731,bus,
55.89682,-3.499949,bus,
55.897364,-3.49957,bus,
55.898473,-3.497054,bus,
55.899076,-3.496182,bus,
55.899577,-3.493386,bus,
55.899708,-3.492288,bus,
55.899504,-3.490584,bus,
55.899057,-3.489624,bus,
55.897466,-3.488171,bus,
55.896992,-3.488697,bus,
55.894183,-3.492171,bus,
55.893793,-3.493148,bus,
55.89276,-3.497586,bus,
55.892333,-3.498689,bus,
55.876747,-3.501237,bus,
55.879007,-3.496449,bus,
55.878511,-3.497341,bus,
55.879791,-3.499276,bus,
55.88029,-3.498864,bus,
55.882622,-3.497723,bus,
55.882898,-3.498661,bus,
55.883068,-3.506085,bus,
55.882501,-3.506895,bus,
55.880759,-3.511239,bus,
55.879685,-3.510143,bus,
55.877728,-3.513599,bus,
55.877147,-3.514856,bus,
55.875673,-3.519194,bus,
55.874748,-3.521363,bus,
55.875732,-3.52388,bus,
55.875674,-3.524213,bus,
55.874742,-3.526958,bus,
55.874329,-3.526206,bus,
55.870257,-3.528444,bus,
55.86958,-3.52944,bus,
55.902846,-3.572241,bus,
55.908217,-3.575962,bus,
55.908232,-3.576875,bus,
55.906446,-3.576738,bus,
55.906133,-3.575894,bus,
55.904985,-3.57436,bus,
55.899693,-3.568627,bus,
55.899839,-3.568489,bus,
55.898505,-3.564565,bus,
55.898041,-3.56573,bus,
55.900378,-3.557187,bus,
55.901433,-3.557549,bus,
55.902807,-3.558356,bus,
55.903507,-3.559136,bus,
55.902291,-3.569964,bus,
55.902549,-3.568774,bus,
55.904032,-3.563796,bus,
55.904495,-3.562742,bus,
55.904888,-3.55652,bus,
55.904649,-3.557678,bus,
55.904938,-3.550427,bus,
55.904826,-3.551494,bus,
55.904055,-3.546329,bus,
55.903827,-3.54512,bus,
55.902407,-3.543016,bus,
55.902217,-3.542385,bus,
55.903082,-3.572059,bus,
55.899362,-3.560713,bus,
55.899027,-3.561659,bus,
55.904146,-3.590002,bus,
55.905285,-3.588017,bus,
55.894332,-3.52979,bus,
55.894694,-3.530988,bus,
55.897769,-3.534515,bus,
55.89825,-3.535558,bus,
55.897023,-3.535222,bus,
55.89657,-3.536211,bus,
55.89479,-3.539883,bus,
55.893297,-3.540752,bus,
55.892366,-3.54113,bus,
55.890683,-3.544981,bus,
55.890255,-3.546116,bus,
55.889825,-3.548177,bus,
55.896032,-3.538989,bus,
55.89028,-3.55125,bus,
55.890061,-3.552984,bus,
55.910562,-3.499728,bus,
55.910284,-3.500405,bus,
55.908553,-3.505282,bus,
55.908691,-3.505047,bus,
55.905519,-3.502109,bus,
55.90562,-3.501905,bus,
55.902344,-3.500898,bus,
55.901745,-3.501371,bus,
55.896723,-3.551971,bus,
55.896422,-3.55231,bus,
55.898539,-3.545502,bus,
55.897779,-3.547343,bus,
55.886344,-3.510849,bus,
55.886917,-3.510232,bus,
55.888855,-3.509779,bus,
55.888636,-3.510778,bus,
55.890865,-3.513647,bus,
55.891366,-3.513139,bus,
55.892227,-3.509591,bus,
55.892725,-3.508522,bus,
55.894225,-3.505686,bus,
55.89487,-3.506591,bus,
55.89632,-3.510661,bus,
55.895563,-3.512343,bus,
55.893527,-3.521475,bus,
55.892795,-3.524021,bus,
55.891996,-3.5269,bus,
55.891431,-3.526046,bus,
55.90461,-3.521221,bus,
55.904983,-3.520116,bus,
55.910714,-3.523188,bus,
55.910118,-3.52422,bus,
55.908438,-3.528538,bus,
55.90759,-3.528792,bus,
55.90538,-3.533072,bus,
55.905364,-3.533616,bus,
55.907646,-3.537977,bus,
55.907622,-3.539224,bus,
55.907276,-3.543098,bus,
55.906776,-3.544294,bus,
55.908734,-3.519127,bus,
55.908195,-3.519058,bus,
55.895956,-3.519107,bus,
55.89652,-3.519257,bus,
55.898288,-3.515088,bus,
55.898766,-3.514211,bus,
55.902747,-3.517853,bus,
55.90215,-3.518901,bus,
55.90166,-3.512724,bus,
55.901221,-3.512579,bus,
55.843555,-3.620795,bus,
55.842493,-3.622907,bus,
55.841267,-3.626593,bus,
55.842762,-3.622934,bus,
55.843677,-3.62104,bus,
55.845762,-3.679937,bus,
55.845847,-3.679685,bus,
55.844853,-3.68076,bus,
55.844587,-3.681132,bus,
55.886533,-3.554074,bus,
55.886442,-3.552807,bus,
55.883227,-3.51805,bus,
55.882826,-3.517747,bus,
55.883222,-3.517746,bus,
55.882785,-3.517409,bus,
55.882554,-3.51724,bus,
55.884855,-3.515699,bus,
55.885204,-3.515106,bus,
55.883298,-3.522449,bus,
55.883559,-3.522428,bus,
55.878701,-3.526506,bus,
55.878971,-3.526452,bus,
55.880097,-3.521173,bus,
55.880295,-3.521181,bus,
55.883948,-3.509845,bus,
55.884222,-3.509456,bus,
55.88163,-3.525134,bus,
55.885681,-3.560403,bus,
55.885315,-3.560852,bus,
55.886969,-3.544434,bus,
55.887477,-3.543335,bus,
55.887298,-3.537524,bus,
55.887624,-3.536673,bus,
55.889449,-3.530797,bus,
55.890131,-3.530904,bus,
55.88696,-3.549438,bus,
55.886909,-3.547773,bus,
55.883319,-3.488429,bus,
55.883624,-3.489224,bus,
55.88604,-3.492291,bus,
55.886432,-3.493329,bus,
55.886314,-3.485986,bus,
55.886334,-3.485107,bus,
55.890173,-3.48188,bus,
55.889479,-3.482109,bus,
55.891895,-3.48516,bus,
55.892873,-3.482287,bus,
55.892728,-3.480202,bus,
55.892448,-3.480255,bus,
55.892693,-3.483831,bus,
55.907584,-3.494094,bus,
55.866472,-3.535854,bus,
55.86674,-3.535944,bus,
55.863477,-3.543198,bus,
55.863781,-3.541932,bus,
55.863199,-3.546015,bus,
55.862521,-3.547075,bus,
55.862055,-3.54843,bus,
55.861749,-3.548466,bus,
55.859957,-3.552262,bus,
55.859959,-3.552869,bus,
55.85898,-3.554987,bus,
55.858578,-3.55545,bus,
55.856723,-3.561479,bus,
55.856132,-3.562685,bus,
55.845572,-3.635398,bus,
55.845392,-3.63539,bus,
55.84626,-3.632951,bus,
55.846742,-3.632556,bus,
55.847719,-3.630057,bus,
55.848134,-3.629899,bus,
55.848919,-3.626961,bus,
55.849143,-3.627002,bus,
55.849482,-3.625179,bus,
55.849724,-3.625157,bus,
55.851268,-3.619199,bus,
55.851792,-3.618279,bus,
55.879017,-3.588191,bus,
55.878824,-3.589222,bus,
55.877904,-3.590831,bus,
55.877666,-3.591908,bus,
55.876846,-3.593489,bus,
55.876757,-3.594093,bus,
55.875437,-3.686349,bus,
55.876671,-3.68685,bus,
55.931012,-3.501366,bus,
55.930997,-3.502646,bus,
55.929929,-3.50547,bus,
55.929601,-3.507314,bus,
55.928891,-3.509463,bus,
55.928614,-3.511534,bus,
55.927672,-3.514378,bus,
55.926859,-3.517643,bus,
55.926634,-3.517634,bus,
55.927004,-3.513135,bus,
55.924748,-3.510999,bus,
55.925027,-3.511714,bus,
55.917469,-3.503723,bus,
55.918361,-3.504974,bus,
55.914255,-3.500463,bus,
55.913994,-3.500548,bus,
55.912241,-3.498353,bus,
55.912556,-3.499053,bus,
55.908427,-3.494286,bus,
55.868274,-3.667964,bus,
55.868085,-3.668643,bus,
55.867923,-3.671337,bus,
55.867573,-3.673974,bus,
55.867475,-3.676559,bus,
55.867254,-3.677541,bus,
55.867019,-3.683603,bus,
55.866694,-3.68434,bus,
55.866367,-3.686611,bus,
55.86634,-3.687905,bus,
55.865698,-3.690833,bus,
55.865726,-3.692017,bus,
55.865261,-3.695113,bus,
55.864607,-3.698217,bus,
55.864351,-3.701162,bus,
55.864109,-3.701774,bus,
55.86385,-3.70424,bus,
55.863638,-3.704646,bus,
55.86979,-3.685305,bus,
55.869783,-3.683211,bus,
55.868871,-3.680919,bus,
55.868319,-3.680559,bus,
55.863826,-3.685111,bus,
55.86306,-3.685302,bus,
55.861209,-3.687906,bus,
55.861012,-3.687833,bus,
55.858819,-3.689847,bus,
55.857907,-3.689472,bus,
55.959508,-3.457089,bus,
55.959679,-3.456262,bus,
55.959726,-3.458362,bus,
55.959611,-3.460553,bus,
55.958939,-3.461152,bus,
55.958727,-3.461561,bus,
55.957177,-3.46115,bus,
55.956805,-3.461456,bus,
55.954566,-3.462333,bus,
55.954073,-3.462298,bus,
55.960032,-3.465198,bus,
55.960044,-3.467153,bus,
55.960463,-3.469764,bus,
55.960499,-3.471944,bus,
55.961995,-3.479081,bus,
55.962918,-3.472596,bus,
55.962622,-3.473258,bus,
55.963441,-3.467153,bus,
55.963227,-3.467738,bus,
55.963436,-3.462267,bus,
55.963276,-3.462853,bus,
55.963842,-3.458325,bus,
55.96355,-3.458699,bus,
55.96246,-3.449863,bus,
55.961586,-3.447763,bus,
55.967689,-3.456723,bus,
55.952277,-3.46364,bus,
55.952122,-3.463153,bus,
55.852294,-3.567723,bus,
55.852026,-3.569741,bus,
55.851385,-3.572063,bus,
55.851087,-3.572163,bus,
55.850676,-3.574095,bus,
55.850403,-3.574388,bus,
55.849643,-3.5776,bus,
55.84938,-3.577733,bus,
55.848672,-3.580404,bus,
55.848151,-3.581069,bus,
55.847772,-3.582619,bus,
55.901207,-3.406918,bus,
55.901164,-3.407524,bus,
55.900219,-3.39743,bus,
55.900204,-3.397126,bus,
55.90159,-3.393753,bus,
55.901441,-3.393427,bus,
55.947495,-3.360332,bus,
55.938221,-3.251911,bus,
55.938063,-3.25245,bus,
55.928934,-3.293322,bus,
55.928801,-3.293958,bus,
55.940523,-3.321454,bus,
55.940384,-3.321834,bus,
55.9381,-3.33205,bus,
55.937923,-3.332556,bus,
55.937944,-3.318084,bus,
55.938101,-3.318554,bus,
55.945801,-3.21917,bus,
55.945751,-3.219713,bus,
55.940153,-3.353831,bus,
55.940004,-3.354306,bus,
55.94199,-3.237351,bus,
55.942227,-3.236974,bus,
55.931262,-3.314416,bus,
55.931511,-3.314713,bus,
55.927363,-3.306794,bus,
55.927268,-3.307255,bus,
55.951862,-3.19758,bus,
55.951732,-3.198089,bus,
55.932365,-3.275348,bus,
55.932252,-3.275825,bus,
55.948689,-3.21151,bus,
55.948488,-3.21184,bus,
55.954671,-3.192446,bus,
55.954466,-3.192215,bus,
55.979946,-3.188768,bus,
55.980042,-3.177873,bus,
55.980242,-3.177607,bus,
55.978145,-3.166598,bus,
55.97806,-3.166114,bus,
55.975169,-3.166829,bus,
55.97489,-3.166884,bus,
55.970915,-3.171027,bus,
55.970707,-3.171148,bus,
55.965475,-3.176181,bus,
55.965258,-3.176303,bus,
55.960906,-3.181328,bus,
55.960661,-3.181545,bus,
55.956817,-3.186954,bus,
55.956716,-3.187207,bus,
55.95182961,-3.19794897,tram,
55.94862862,-3.211613477,tram,
55.94592306,-3.2196347,tram,
55.97793353,-3.16603712,tram,
55.97569742,-3.166381392,tram,
55.98007227,-3.177868037,tram,
55.98055034,-3.191317716,tram,
55.95463091,-3.192286465,tram,
55.95681107,-3.186848507,tram,
55.96079805,-3.181508717,tram,
55.96565255,-3.17606489,tram,
55.97034683,-3.171983859,tram,
55.94175866,-3.237365516,tram,
55.93821629,-3.251687914,tram,
55.93236903,-3.275506211,tram,
55.92872413,-3.294502907,tram,
55.9273319,-3.307229459,tram,
55.93122878,-3.314464964,tram,
55.93828281,-3.318890659,tram,
55.93798368,-3.332226129,tram,
55.94745644,-3.360357248,tram,
55.94008606,-3.354020339,tram,
55.94045861,-3.321522351,tram,
55.95648526,-3.189017845,tram,
55.94049408,-3.344957829,tram,
55.95182961,-3.19794897,train,Waverley station
55.94576422,-3.218247236,train,Haymarket
55.92631206,-3.244103718,train,Slateford
55.94071648,-3.320360184,train,Edinburgh Gateway
55.91426923,-3.284311295,train,Westerhailes
55.90012456,-3.318300247,train,Curriehill
55.93639616,-3.299615289,train,South Gyle
55.91895462,-3.264706307,train,Kingsknowe
55.98597834,-3.381329277,train,Dalmeny
55.93354681,-3.072674474,train,Mussleburgh
55.93318281,-3.091356946,train,Newcraighall
55.94228188,-3.100779411,train,Bruntstane
55.91770948,-3.090382209,train,Shawfair
55.93895349,-3.355829487,park_n_ride,Ingliston_west
55.91703727,-3.314136764,park_n_ride,Hermiston_west
55.93375387,-3.092704714,park_n_ride,Newcraighall_east
56.02282599,-3.406354442,park_n_ride,Ferrytoll_north
55.90526168,-3.098875056,park_n_ride,Sheriffhall_south
55.89498679,-3.17045733,park_n_ride,Straiton_south
55.94230583,-3.011211933,park_n_ride,Wallyford_east
55.94926637,-3.360770129,airport,Edinburgh Airport
